#VRML V2.0 utf8
# XINGLIGHT XL-5050RGBC (LCSC C2843868) - units: mm
Shape {
  appearance Appearance { material Material {
    diffuseColor 0.93 0.93 0.9
    specularColor 0.3 0.3 0.3  shininess 0.4  transparency 0.0
  } }
  geometry IndexedFaceSet {
    solid TRUE
    coord Coordinate { point [
      2.5 -1.85 1.15,
      2.5 -1.85 0.0,
      2.5 2.5 0.0,
      2.5 2.5 1.15,
      -1.59439 -1.47938 1.15,
      -2.5 -2.5 1.15,
      -1.51867 -1.55701 1.15,
      -1.43917 -1.63077 1.15,
      -1.66615 -1.39806 1.15,
      -1.35609 -1.70048 1.15,
      -1.73376 -1.31327 1.15,
      -1.26964 -1.76597 1.15,
      -1.79707 -1.22522 1.15,
      -1.18004 -1.82706 1.15,
      -1.85591 -1.13412 1.15,
      -1.0875 -1.88361 1.15,
      -1.91013 -1.0402 1.15,
      -0.99226 -1.93547 1.15,
      -1.95961 -0.9437 1.15,
      -0.89455 -1.98253 1.15,
      -2.00421 -0.84485 1.15,
      -0.79462 -2.02465 1.15,
      -2.04383 -0.74389 1.15,
      -0.69271 -2.06174 1.15,
      -2.07837 -0.64109 1.15,
      -0.58908 -2.09371 1.15,
      -2.10774 -0.5367 1.15,
      -0.48398 -2.12047 1.15,
      -2.13188 -0.43097 1.15,
      -0.37768 -2.14196 1.15,
      -2.15071 -0.32417 1.15,
      -0.27045 -2.15812 1.15,
      -2.16419 -0.21656 1.15,
      -0.16254 -2.16892 1.15,
      -2.1723 -0.10841 1.15,
      -0.05422 -2.17432 1.15,
      1.85 -2.5 1.15,
      0.16254 -2.16892 1.15,
      0.05422 -2.17432 1.15,
      0.27045 -2.15812 1.15,
      0.37768 -2.14196 1.15,
      0.48398 -2.12047 1.15,
      0.58908 -2.09371 1.15,
      0.69271 -2.06174 1.15,
      0.79462 -2.02465 1.15,
      0.89455 -1.98253 1.15,
      0.99226 -1.93547 1.15,
      1.0875 -1.88361 1.15,
      1.18004 -1.82706 1.15,
      1.26964 -1.76597 1.15,
      1.35609 -1.70048 1.15,
      1.43917 -1.63077 1.15,
      1.51867 -1.55701 1.15,
      -2.5 2.5 1.15,
      -1.66615 1.39806 1.15,
      -1.59439 1.47938 1.15,
      -1.73376 1.31327 1.15,
      -1.79707 1.22522 1.15,
      -1.85591 1.13412 1.15,
      -1.91013 1.0402 1.15,
      -1.95961 0.9437 1.15,
      -2.00421 0.84485 1.15,
      -2.04383 0.74389 1.15,
      -2.07837 0.64109 1.15,
      -2.10774 0.5367 1.15,
      -2.13188 0.43097 1.15,
      -2.15071 0.32417 1.15,
      -2.16419 0.21656 1.15,
      -2.1723 0.10841 1.15,
      -2.175 -0.0 1.15,
      -1.51867 1.55701 1.15,
      -1.43917 1.63077 1.15,
      -1.35609 1.70048 1.15,
      -1.26964 1.76597 1.15,
      -1.18004 1.82706 1.15,
      1.59439 -1.47938 1.15,
      1.66615 -1.39806 1.15,
      1.73376 -1.31327 1.15,
      1.79707 -1.22522 1.15,
      1.85591 -1.13412 1.15,
      -1.0875 1.88361 1.15,
      1.91013 -1.0402 1.15,
      -0.99226 1.93547 1.15,
      1.95961 -0.9437 1.15,
      -0.89455 1.98253 1.15,
      2.00421 -0.84485 1.15,
      -0.79462 2.02465 1.15,
      2.04383 -0.74389 1.15,
      -0.69271 2.06174 1.15,
      2.07837 -0.64109 1.15,
      -0.58908 2.09371 1.15,
      2.10774 -0.5367 1.15,
      -0.48398 2.12047 1.15,
      2.13188 -0.43097 1.15,
      2.15071 -0.32417 1.15,
      2.16419 -0.21656 1.15,
      2.1723 -0.10841 1.15,
      2.175 0.0 1.15,
      2.1723 0.10841 1.15,
      2.16419 0.21656 1.15,
      2.15071 0.32417 1.15,
      2.13188 0.43097 1.15,
      2.10774 0.5367 1.15,
      2.07837 0.64109 1.15,
      2.04383 0.74389 1.15,
      2.00421 0.84485 1.15,
      1.95961 0.9437 1.15,
      1.91013 1.0402 1.15,
      1.85591 1.13412 1.15,
      1.79707 1.22522 1.15,
      1.73376 1.31327 1.15,
      1.66615 1.39806 1.15,
      1.59439 1.47938 1.15,
      1.51867 1.55701 1.15,
      1.43917 1.63077 1.15,
      1.35609 1.70048 1.15,
      1.26964 1.76597 1.15,
      1.18004 1.82706 1.15,
      1.0875 1.88361 1.15,
      0.99226 1.93547 1.15,
      0.89455 1.98253 1.15,
      0.79462 2.02465 1.15,
      0.69271 2.06174 1.15,
      0.58908 2.09371 1.15,
      0.48398 2.12047 1.15,
      -0.05422 2.17432 1.15,
      -0.16254 2.16892 1.15,
      -0.27045 2.15812 1.15,
      -0.37768 2.14196 1.15,
      0.05422 2.17432 1.15,
      0.16254 2.16892 1.15,
      0.27045 2.15812 1.15,
      0.37768 2.14196 1.15,
      1.85 -2.5 0.0,
      -2.5 2.5 0.0,
      -2.5 -2.5 0.0,
      -1.85336 0.47192 0.725,
      -1.79716 0.65411 0.725,
      -1.9205 0.699 0.9375,
      -1.98055 0.50431 0.9375,
      -1.67383 0.60922 0.5125,
      -1.60485 0.77286 0.5125,
      -1.7231 0.8298 0.725,
      -1.52044 0.64092 0.3,
      -1.55049 0.56433 0.3,
      -1.5767 0.48635 0.3,
      -2.04121 0.10187 0.9375,
      -2.02092 0.30461 0.9375,
      2.04375 0.0 0.9375,
      -1.89114 0.28504 0.725,
      -1.72617 0.43954 0.5125,
      -1.59898 0.40715 0.3,
      -1.61728 0.32694 0.3,
      -2.04121 -0.10187 0.9375,
      -1.91012 0.09533 0.725,
      -1.76135 0.26548 0.5125,
      -1.63157 0.24592 0.3,
      -1.6418 0.16429 0.3,
      -2.02092 -0.30461 0.9375,
      1.64795 0.08225 0.3,
      1.65 0.0 0.3,
      1.78125 0.0 0.5125,
      -1.91012 -0.09533 0.725,
      -1.77904 0.08879 0.5125,
      -1.64795 0.08225 0.3,
      -1.65 -0.0 0.3,
      -1.98055 -0.50431 0.9375,
      -1.89114 -0.28504 0.725,
      -1.77904 -0.08879 0.5125,
      -1.64795 -0.08225 0.3,
      -1.6418 -0.16429 0.3,
      -1.9205 -0.699 0.9375,
      -1.85336 -0.47192 0.725,
      -1.76135 -0.26548 0.5125,
      -1.63157 -0.24592 0.3,
      -1.61728 -0.32694 0.3,
      -1.84136 -0.88675 0.9375,
      -1.79716 -0.65411 0.725,
      -1.72617 -0.43954 0.5125,
      -1.59898 -0.40715 0.3,
      -1.5767 -0.48635 0.3,
      -1.74391 -1.06568 0.9375,
      -1.7231 -0.8298 0.725,
      -1.67383 -0.60922 0.5125,
      -1.55049 -0.56433 0.3,
      -1.52044 -0.64092 0.3,
      -1.62914 -1.23403 0.9375,
      -1.63192 -0.99724 0.725,
      -1.60485 -0.77286 0.5125,
      -1.4866 -0.71591 0.3,
      -1.44907 -0.78912 0.3,
      -1.49817 -1.3901 0.9375,
      -1.52452 -1.15478 0.725,
      -1.51992 -0.92881 0.5125,
      -1.40793 -0.86037 0.3,
      -1.36329 -0.92948 0.3,
      -1.35232 -1.53237 0.9375,
      -1.40196 -1.30083 0.725,
      -1.41989 -1.07553 0.5125,
      -1.31527 -0.99628 0.3,
      -1.26397 -1.0606 0.3,
      -1.19303 -1.6594 0.9375,
      -1.26547 -1.43396 0.725,
      -1.30575 -1.21156 0.5125,
      -1.20954 -1.12229 0.3,
      -1.15209 -1.18118 0.3,
      -1.02188 -1.76994 0.9375,
      -1.11641 -1.55283 0.725,
      -1.17863 -1.33555 0.5125,
      -1.09178 -1.23714 0.3,
      -1.02876 -1.29002 0.3,
      -0.84057 -1.86289 0.9375,
      -0.95625 -1.65627 0.725,
      -1.03979 -1.44626 0.5125,
      -0.96318 -1.3397 0.3,
      -0.8952 -1.38604 0.3,
      -0.65091 -1.93733 0.9375,
      -0.78659 -1.74325 0.725,
      -0.89062 -1.54261 0.5125,
      -0.825 -1.42894 0.3,
      -0.75275 -1.46829 0.3,
      -0.45478 -1.99251 0.9375,
      -0.60911 -1.81291 0.725,
      -0.73261 -1.62362 0.5125,
      -0.67862 -1.50398 0.3,
      -0.60281 -1.53594 0.3,
      -0.25413 -2.02789 0.9375,
      -0.42557 -1.86455 0.725,
      -0.5673 -1.6885 0.5125,
      -0.5255 -1.56408 0.3,
      -0.44689 -1.58833 0.3,
      -0.05095 -2.04311 0.9375,
      -0.23781 -1.89766 0.725,
      -0.39637 -1.73659 0.5125,
      -0.36716 -1.60863 0.3,
      -0.28652 -1.62493 0.3,
      0.15273 -2.03804 0.9375,
      -0.04768 -1.91191 0.725,
      -0.22149 -1.76743 0.5125,
      -0.20517 -1.63719 0.3,
      -0.1233 -1.64539 0.3,
      0.35489 -2.0127 0.9375,
      0.14292 -1.90715 0.725,
      -0.04441 -1.7807 0.5125,
      -0.04114 -1.64949 0.3,
      0.04114 -1.64949 0.3,
      0.55353 -1.96736 0.9375,
      0.3321 -1.88344 0.725,
      0.13311 -1.77627 0.5125,
      0.1233 -1.64539 0.3,
      0.20517 -1.63719 0.3,
      0.74667 -1.90247 0.9375,
      0.51798 -1.84102 0.725,
      0.30931 -1.75419 0.5125,
      0.28652 -1.62493 0.3,
      0.36716 -1.60863 0.3,
      0.93238 -1.81868 0.9375,
      0.69871 -1.7803 0.725,
      0.48243 -1.71467 0.5125,
      0.44689 -1.58833 0.3,
      0.5255 -1.56408 0.3,
      1.10883 -1.7168 0.9375,
      0.8725 -1.70188 0.725,
      0.65076 -1.65812 0.5125,
      0.60281 -1.53594 0.3,
      0.67862 -1.50398 0.3,
      1.27426 -1.59787 0.9375,
      1.03762 -1.60655 0.725,
      0.81263 -1.58508 0.5125,
      0.75275 -1.46829 0.3,
      0.825 -1.42894 0.3,
      1.42702 -1.46305 0.9375,
      1.19242 -1.49525 0.725,
      0.96641 -1.4963 0.5125,
      0.8952 -1.38604 0.3,
      0.96318 -1.3397 0.3,
      1.5656 -1.3137 0.9375,
      1.33538 -1.3691 0.725,
      1.11059 -1.39264 0.5125,
      1.02876 -1.29002 0.3,
      1.09178 -1.23714 0.3,
      1.68863 -1.15129 0.9375,
      1.46506 -1.22933 0.725,
      1.24373 -1.27514 0.5125,
      1.15209 -1.18118 0.3,
      1.20954 -1.12229 0.3,
      1.79487 -0.97743 0.9375,
      1.58018 -1.07735 0.725,
      1.36452 -1.14497 0.5125,
      1.26397 -1.0606 0.3,
      1.31527 -0.99628 0.3,
      1.88327 -0.79386 0.9375,
      1.6796 -0.91466 0.725,
      1.47174 -1.00341 0.5125,
      1.36329 -0.92948 0.3,
      1.40793 -0.86037 0.3,
      1.95295 -0.60241 0.9375,
      1.76232 -0.74288 0.725,
      1.56433 -0.85189 0.5125,
      1.44907 -0.78912 0.3,
      1.4866 -0.71591 0.3,
      2.00323 -0.40496 0.9375,
      1.82753 -0.56372 0.725,
      1.64138 -0.6919 0.5125,
      1.52044 -0.64092 0.3,
      1.55049 -0.56433 0.3,
      2.03359 -0.20349 0.9375,
      1.9125 0.0 0.725,
      1.87458 -0.37895 0.725,
      1.70211 -0.52503 0.5125,
      1.5767 -0.48635 0.3,
      1.59898 -0.40715 0.3,
      1.903 -0.19042 0.725,
      1.74593 -0.35295 0.5125,
      1.61728 -0.32694 0.3,
      1.63157 -0.24592 0.3,
      1.7724 -0.17736 0.5125,
      1.6418 -0.16429 0.3,
      1.64795 -0.08225 0.3,
      2.03359 0.20349 0.9375,
      2.00323 0.40496 0.9375,
      1.903 0.19042 0.725,
      1.95295 0.60241 0.9375,
      1.87458 0.37895 0.725,
      1.7724 0.17736 0.5125,
      1.6418 0.16429 0.3,
      1.63157 0.24592 0.3,
      1.88327 0.79386 0.9375,
      1.82753 0.56372 0.725,
      1.74593 0.35295 0.5125,
      1.61728 0.32694 0.3,
      1.59898 0.40715 0.3,
      1.79487 0.97743 0.9375,
      1.76232 0.74288 0.725,
      1.70211 0.52503 0.5125,
      1.5767 0.48635 0.3,
      1.55049 0.56433 0.3,
      1.68863 1.15129 0.9375,
      1.6796 0.91466 0.725,
      1.64138 0.6919 0.5125,
      1.52044 0.64092 0.3,
      1.4866 0.71591 0.3,
      1.5656 1.3137 0.9375,
      1.58018 1.07735 0.725,
      1.56433 0.85189 0.5125,
      1.44907 0.78912 0.3,
      1.40793 0.86037 0.3,
      1.42702 1.46305 0.9375,
      1.46506 1.22933 0.725,
      1.47174 1.00341 0.5125,
      1.36329 0.92948 0.3,
      1.31527 0.99628 0.3,
      1.27426 1.59787 0.9375,
      1.33538 1.3691 0.725,
      1.36452 1.14497 0.5125,
      1.26397 1.0606 0.3,
      1.20954 1.12229 0.3,
      1.10883 1.7168 0.9375,
      1.19242 1.49525 0.725,
      1.24373 1.27514 0.5125,
      1.15209 1.18118 0.3,
      1.09178 1.23714 0.3,
      0.93238 1.81868 0.9375,
      1.03762 1.60655 0.725,
      1.11059 1.39264 0.5125,
      1.02876 1.29002 0.3,
      0.96318 1.3397 0.3,
      0.74667 1.90247 0.9375,
      0.8725 1.70188 0.725,
      0.96641 1.4963 0.5125,
      0.8952 1.38604 0.3,
      0.825 1.42894 0.3,
      0.55353 1.96736 0.9375,
      0.69871 1.7803 0.725,
      0.81263 1.58508 0.5125,
      0.75275 1.46829 0.3,
      0.67862 1.50398 0.3,
      0.35489 2.0127 0.9375,
      0.51798 1.84102 0.725,
      0.65076 1.65812 0.5125,
      0.60281 1.53594 0.3,
      0.5255 1.56408 0.3,
      0.15273 2.03804 0.9375,
      0.3321 1.88344 0.725,
      0.48243 1.71467 0.5125,
      0.44689 1.58833 0.3,
      0.36716 1.60863 0.3,
      -0.05095 2.04311 0.9375,
      0.14292 1.90715 0.725,
      0.30931 1.75419 0.5125,
      0.28652 1.62493 0.3,
      0.20517 1.63719 0.3,
      -0.25413 2.02789 0.9375,
      -0.04768 1.91191 0.725,
      0.13311 1.77627 0.5125,
      0.1233 1.64539 0.3,
      0.04114 1.64949 0.3,
      -0.45478 1.99251 0.9375,
      -0.23781 1.89766 0.725,
      -0.04441 1.7807 0.5125,
      -0.04114 1.64949 0.3,
      -0.1233 1.64539 0.3,
      -0.65091 1.93733 0.9375,
      -0.42557 1.86455 0.725,
      -0.22149 1.76743 0.5125,
      -0.20517 1.63719 0.3,
      -0.28652 1.62493 0.3,
      -0.84057 1.86289 0.9375,
      -0.60911 1.81291 0.725,
      -0.39637 1.73659 0.5125,
      -0.36716 1.60863 0.3,
      -0.44689 1.58833 0.3,
      -1.02188 1.76994 0.9375,
      -0.78659 1.74325 0.725,
      -0.5673 1.6885 0.5125,
      -0.5255 1.56408 0.3,
      -0.60281 1.53594 0.3,
      -1.19303 1.6594 0.9375,
      -0.95625 1.65627 0.725,
      -0.73261 1.62362 0.5125,
      -0.67862 1.50398 0.3,
      -0.75275 1.46829 0.3,
      -1.35232 1.53237 0.9375,
      -1.11641 1.55283 0.725,
      -0.89062 1.54261 0.5125,
      -0.825 1.42894 0.3,
      -0.8952 1.38604 0.3,
      -1.49817 1.3901 0.9375,
      -1.26547 1.43396 0.725,
      -1.03979 1.44626 0.5125,
      -0.96318 1.3397 0.3,
      -1.02876 1.29002 0.3,
      -1.62914 1.23403 0.9375,
      -1.40196 1.30083 0.725,
      -1.17863 1.33555 0.5125,
      -1.09178 1.23714 0.3,
      -1.15209 1.18118 0.3,
      -1.74391 1.06568 0.9375,
      -1.52452 1.15478 0.725,
      -1.30575 1.21156 0.5125,
      -1.20954 1.12229 0.3,
      -1.26397 1.0606 0.3,
      -1.84136 0.88675 0.9375,
      -1.63192 0.99724 0.725,
      -1.41989 1.07553 0.5125,
      -1.31527 0.99628 0.3,
      -1.36329 0.92948 0.3,
      -1.51992 0.92881 0.5125,
      -1.40793 0.86037 0.3,
      -1.44907 0.78912 0.3,
      -1.4866 0.71591 0.3
    ] }
    coordIndex [
      0 1 2 -1,
      0 2 3 -1,
      4 5 6 -1,
      7 6 5 -1,
      8 5 4 -1,
      9 7 5 -1,
      10 5 8 -1,
      11 9 5 -1,
      12 5 10 -1,
      13 11 5 -1,
      14 5 12 -1,
      15 13 5 -1,
      16 5 14 -1,
      17 15 5 -1,
      18 5 16 -1,
      19 17 5 -1,
      20 5 18 -1,
      21 19 5 -1,
      22 5 20 -1,
      23 21 5 -1,
      24 5 22 -1,
      25 23 5 -1,
      26 5 24 -1,
      27 25 5 -1,
      28 5 26 -1,
      29 27 5 -1,
      30 5 28 -1,
      31 29 5 -1,
      32 5 30 -1,
      33 31 5 -1,
      34 5 32 -1,
      35 33 5 -1,
      36 37 38 -1,
      36 39 37 -1,
      36 40 39 -1,
      36 41 40 -1,
      36 42 41 -1,
      36 43 42 -1,
      36 44 43 -1,
      36 45 44 -1,
      36 46 45 -1,
      36 47 46 -1,
      36 35 5 -1,
      36 38 35 -1,
      48 47 36 -1,
      49 48 36 -1,
      50 49 36 -1,
      51 50 36 -1,
      52 51 36 -1,
      53 54 55 -1,
      53 56 54 -1,
      53 57 56 -1,
      53 58 57 -1,
      53 59 58 -1,
      53 60 59 -1,
      53 61 60 -1,
      53 62 61 -1,
      53 63 62 -1,
      53 64 63 -1,
      53 65 64 -1,
      53 66 65 -1,
      53 67 66 -1,
      53 68 67 -1,
      53 69 68 -1,
      70 53 55 -1,
      71 53 70 -1,
      72 53 71 -1,
      73 53 72 -1,
      74 53 73 -1,
      0 75 52 -1,
      0 76 75 -1,
      0 77 76 -1,
      0 78 77 -1,
      0 52 36 -1,
      79 78 0 -1,
      80 53 74 -1,
      81 79 0 -1,
      82 53 80 -1,
      83 81 0 -1,
      84 53 82 -1,
      85 83 0 -1,
      86 53 84 -1,
      87 85 0 -1,
      88 53 86 -1,
      89 87 0 -1,
      90 53 88 -1,
      91 89 0 -1,
      92 53 90 -1,
      93 91 0 -1,
      94 93 0 -1,
      95 94 0 -1,
      96 95 0 -1,
      97 96 0 -1,
      98 97 0 -1,
      3 99 98 -1,
      3 100 99 -1,
      3 101 100 -1,
      3 102 101 -1,
      3 103 102 -1,
      3 104 103 -1,
      3 105 104 -1,
      3 106 105 -1,
      3 107 106 -1,
      3 108 107 -1,
      3 109 108 -1,
      3 110 109 -1,
      3 111 110 -1,
      3 112 111 -1,
      3 113 112 -1,
      3 114 113 -1,
      3 115 114 -1,
      3 116 115 -1,
      3 117 116 -1,
      3 118 117 -1,
      3 119 118 -1,
      3 98 0 -1,
      3 120 119 -1,
      3 121 120 -1,
      3 122 121 -1,
      3 123 122 -1,
      3 124 123 -1,
      3 53 125 -1,
      125 53 126 -1,
      126 53 127 -1,
      127 53 128 -1,
      128 53 92 -1,
      3 125 129 -1,
      3 129 130 -1,
      3 130 131 -1,
      3 131 132 -1,
      3 132 124 -1,
      53 5 69 -1,
      69 5 34 -1,
      36 133 1 -1,
      36 1 0 -1,
      3 2 134 -1,
      3 134 53 -1,
      134 133 135 -1,
      1 133 134 -1,
      2 1 134 -1,
      36 135 133 -1,
      36 5 135 -1,
      5 134 135 -1,
      5 53 134 -1,
      136 137 138 -1,
      136 138 139 -1,
      140 141 142 -1,
      140 142 137 -1,
      140 143 141 -1,
      140 144 143 -1,
      140 145 144 -1,
      140 137 136 -1,
      146 67 68 -1,
      146 68 69 -1,
      146 147 67 -1,
      148 97 98 -1,
      149 136 139 -1,
      149 139 147 -1,
      150 140 136 -1,
      150 136 149 -1,
      150 145 140 -1,
      150 151 145 -1,
      150 152 151 -1,
      153 69 34 -1,
      153 34 32 -1,
      153 146 69 -1,
      154 147 146 -1,
      154 149 147 -1,
      154 146 153 -1,
      155 150 149 -1,
      155 152 150 -1,
      155 156 152 -1,
      155 157 156 -1,
      158 153 32 -1,
      158 32 30 -1,
      158 30 28 -1,
      159 160 161 -1,
      162 154 153 -1,
      163 155 149 -1,
      163 149 154 -1,
      163 157 155 -1,
      163 164 157 -1,
      163 165 164 -1,
      166 158 28 -1,
      166 28 26 -1,
      166 26 24 -1,
      167 162 153 -1,
      167 153 158 -1,
      167 158 166 -1,
      168 154 162 -1,
      168 163 154 -1,
      168 169 165 -1,
      168 170 169 -1,
      168 165 163 -1,
      171 166 24 -1,
      171 24 22 -1,
      171 22 20 -1,
      172 167 166 -1,
      173 170 168 -1,
      173 168 162 -1,
      173 162 167 -1,
      173 174 170 -1,
      173 175 174 -1,
      176 171 20 -1,
      176 20 18 -1,
      176 18 16 -1,
      177 172 166 -1,
      177 166 171 -1,
      178 172 177 -1,
      178 175 173 -1,
      178 173 167 -1,
      178 179 175 -1,
      178 180 179 -1,
      178 167 172 -1,
      181 16 14 -1,
      181 14 12 -1,
      181 176 16 -1,
      182 177 171 -1,
      182 171 176 -1,
      183 178 177 -1,
      183 180 178 -1,
      183 184 180 -1,
      183 185 184 -1,
      186 12 10 -1,
      186 10 8 -1,
      186 181 12 -1,
      187 182 176 -1,
      187 176 181 -1,
      188 189 185 -1,
      188 190 189 -1,
      188 185 183 -1,
      188 183 177 -1,
      188 177 182 -1,
      191 186 8 -1,
      191 8 4 -1,
      191 4 6 -1,
      192 181 186 -1,
      192 187 181 -1,
      193 194 190 -1,
      193 195 194 -1,
      193 182 187 -1,
      193 188 182 -1,
      193 190 188 -1,
      196 191 6 -1,
      196 6 7 -1,
      196 7 9 -1,
      197 191 196 -1,
      197 192 186 -1,
      197 186 191 -1,
      198 199 195 -1,
      198 200 199 -1,
      198 187 192 -1,
      198 193 187 -1,
      198 195 193 -1,
      201 196 9 -1,
      201 9 11 -1,
      201 11 13 -1,
      202 197 196 -1,
      203 204 200 -1,
      203 205 204 -1,
      203 200 198 -1,
      203 192 197 -1,
      203 198 192 -1,
      206 201 13 -1,
      206 13 15 -1,
      206 15 17 -1,
      207 196 201 -1,
      207 202 196 -1,
      208 209 205 -1,
      208 210 209 -1,
      208 205 203 -1,
      208 197 202 -1,
      208 203 197 -1,
      208 202 207 -1,
      211 206 17 -1,
      211 17 19 -1,
      211 19 21 -1,
      212 206 211 -1,
      212 207 201 -1,
      212 201 206 -1,
      213 214 210 -1,
      213 215 214 -1,
      213 208 207 -1,
      213 210 208 -1,
      216 211 21 -1,
      216 21 23 -1,
      216 23 25 -1,
      217 212 211 -1,
      218 219 215 -1,
      218 220 219 -1,
      218 215 213 -1,
      218 207 212 -1,
      218 213 207 -1,
      221 216 25 -1,
      221 25 27 -1,
      221 27 29 -1,
      222 211 216 -1,
      222 217 211 -1,
      223 224 220 -1,
      223 220 218 -1,
      223 225 224 -1,
      223 212 217 -1,
      223 218 212 -1,
      226 221 29 -1,
      226 29 31 -1,
      226 31 33 -1,
      227 216 221 -1,
      227 222 216 -1,
      228 217 222 -1,
      228 229 225 -1,
      228 230 229 -1,
      228 223 217 -1,
      228 225 223 -1,
      231 226 33 -1,
      231 33 35 -1,
      231 35 38 -1,
      232 227 221 -1,
      232 221 226 -1,
      233 230 228 -1,
      233 234 230 -1,
      233 235 234 -1,
      233 227 232 -1,
      233 222 227 -1,
      233 228 222 -1,
      236 231 38 -1,
      236 38 37 -1,
      236 37 39 -1,
      237 232 226 -1,
      237 226 231 -1,
      238 239 235 -1,
      238 240 239 -1,
      238 233 232 -1,
      238 235 233 -1,
      241 236 39 -1,
      241 39 40 -1,
      241 40 41 -1,
      242 231 236 -1,
      242 237 231 -1,
      243 232 237 -1,
      243 238 232 -1,
      243 244 240 -1,
      243 245 244 -1,
      243 240 238 -1,
      246 42 43 -1,
      246 241 41 -1,
      246 41 42 -1,
      247 242 236 -1,
      247 236 241 -1,
      248 245 243 -1,
      248 249 245 -1,
      248 237 242 -1,
      248 250 249 -1,
      248 243 237 -1,
      251 43 44 -1,
      251 44 45 -1,
      251 246 43 -1,
      252 241 246 -1,
      252 247 241 -1,
      253 254 250 -1,
      253 255 254 -1,
      253 250 248 -1,
      253 248 242 -1,
      253 247 252 -1,
      253 242 247 -1,
      256 45 46 -1,
      256 46 47 -1,
      256 251 45 -1,
      257 246 251 -1,
      257 252 246 -1,
      258 259 255 -1,
      258 260 259 -1,
      258 253 252 -1,
      258 255 253 -1,
      261 47 48 -1,
      261 48 49 -1,
      261 256 47 -1,
      262 251 256 -1,
      262 257 251 -1,
      262 256 261 -1,
      263 260 258 -1,
      263 264 260 -1,
      263 265 264 -1,
      263 252 257 -1,
      263 258 252 -1,
      266 49 50 -1,
      266 50 51 -1,
      266 261 49 -1,
      267 262 261 -1,
      268 269 265 -1,
      268 270 269 -1,
      268 265 263 -1,
      268 257 262 -1,
      268 263 257 -1,
      268 262 267 -1,
      271 51 52 -1,
      271 52 75 -1,
      271 266 51 -1,
      272 261 266 -1,
      272 267 261 -1,
      273 268 267 -1,
      273 274 270 -1,
      273 275 274 -1,
      273 270 268 -1,
      273 267 272 -1,
      276 75 76 -1,
      276 76 77 -1,
      276 271 75 -1,
      277 266 271 -1,
      277 272 266 -1,
      278 279 275 -1,
      278 280 279 -1,
      278 275 273 -1,
      278 273 272 -1,
      281 77 78 -1,
      281 78 79 -1,
      281 276 77 -1,
      282 276 281 -1,
      282 271 276 -1,
      282 277 271 -1,
      283 278 272 -1,
      283 284 280 -1,
      283 285 284 -1,
      283 280 278 -1,
      283 272 277 -1,
      286 79 81 -1,
      286 81 83 -1,
      286 281 79 -1,
      287 282 281 -1,
      288 277 282 -1,
      288 283 277 -1,
      288 285 283 -1,
      288 289 285 -1,
      288 290 289 -1,
      291 83 85 -1,
      291 85 87 -1,
      291 286 83 -1,
      292 287 281 -1,
      292 281 286 -1,
      293 290 288 -1,
      293 294 290 -1,
      293 295 294 -1,
      293 287 292 -1,
      293 288 282 -1,
      293 282 287 -1,
      296 87 89 -1,
      296 89 91 -1,
      296 291 87 -1,
      297 286 291 -1,
      297 291 296 -1,
      297 292 286 -1,
      298 295 293 -1,
      298 293 292 -1,
      298 299 295 -1,
      298 300 299 -1,
      301 91 93 -1,
      301 93 94 -1,
      301 296 91 -1,
      302 297 296 -1,
      302 296 301 -1,
      303 298 292 -1,
      303 297 302 -1,
      303 292 297 -1,
      303 300 298 -1,
      303 304 300 -1,
      303 305 304 -1,
      306 96 148 -1,
      306 94 95 -1,
      306 95 96 -1,
      306 148 307 -1,
      306 301 94 -1,
      308 302 301 -1,
      309 303 302 -1,
      309 305 303 -1,
      309 310 305 -1,
      309 311 310 -1,
      312 308 301 -1,
      312 306 307 -1,
      312 301 306 -1,
      313 302 308 -1,
      313 309 302 -1,
      313 314 311 -1,
      313 315 314 -1,
      313 311 309 -1,
      316 307 161 -1,
      316 308 312 -1,
      316 312 307 -1,
      316 317 315 -1,
      316 318 317 -1,
      316 313 308 -1,
      316 315 313 -1,
      316 161 318 -1,
      148 96 97 -1,
      160 318 161 -1,
      319 98 99 -1,
      319 99 100 -1,
      319 148 98 -1,
      320 100 101 -1,
      320 101 102 -1,
      320 319 100 -1,
      321 307 148 -1,
      321 148 319 -1,
      322 102 103 -1,
      322 103 104 -1,
      322 320 102 -1,
      323 319 320 -1,
      323 321 319 -1,
      324 325 159 -1,
      324 326 325 -1,
      324 161 307 -1,
      324 307 321 -1,
      324 159 161 -1,
      327 104 105 -1,
      327 105 106 -1,
      327 322 104 -1,
      328 320 322 -1,
      328 323 320 -1,
      329 321 323 -1,
      329 324 321 -1,
      329 326 324 -1,
      329 330 326 -1,
      329 331 330 -1,
      332 106 107 -1,
      332 107 108 -1,
      332 327 106 -1,
      333 328 322 -1,
      333 322 327 -1,
      334 323 328 -1,
      334 335 331 -1,
      334 336 335 -1,
      334 329 323 -1,
      334 331 329 -1,
      337 108 109 -1,
      337 109 110 -1,
      337 332 108 -1,
      338 327 332 -1,
      338 333 327 -1,
      339 336 334 -1,
      339 328 333 -1,
      339 340 336 -1,
      339 341 340 -1,
      339 334 328 -1,
      342 110 111 -1,
      342 111 112 -1,
      342 337 110 -1,
      343 332 337 -1,
      343 338 332 -1,
      344 333 338 -1,
      344 345 341 -1,
      344 346 345 -1,
      344 339 333 -1,
      344 341 339 -1,
      347 112 113 -1,
      347 113 114 -1,
      347 342 112 -1,
      348 337 342 -1,
      348 343 337 -1,
      349 338 343 -1,
      349 350 346 -1,
      349 351 350 -1,
      349 344 338 -1,
      349 346 344 -1,
      352 347 114 -1,
      352 114 115 -1,
      352 115 116 -1,
      353 342 347 -1,
      353 348 342 -1,
      354 349 343 -1,
      354 351 349 -1,
      354 355 351 -1,
      354 356 355 -1,
      354 343 348 -1,
      357 116 117 -1,
      357 117 118 -1,
      357 352 116 -1,
      358 347 352 -1,
      358 353 347 -1,
      359 356 354 -1,
      359 360 356 -1,
      359 361 360 -1,
      359 354 348 -1,
      359 348 353 -1,
      362 118 119 -1,
      362 119 120 -1,
      362 357 118 -1,
      363 357 362 -1,
      363 352 357 -1,
      363 358 352 -1,
      364 359 353 -1,
      364 353 358 -1,
      364 361 359 -1,
      364 365 361 -1,
      364 366 365 -1,
      367 120 121 -1,
      367 121 122 -1,
      367 362 120 -1,
      368 363 362 -1,
      369 366 364 -1,
      369 370 366 -1,
      369 371 370 -1,
      369 364 358 -1,
      369 358 363 -1,
      372 122 123 -1,
      372 123 124 -1,
      372 367 122 -1,
      373 368 362 -1,
      373 362 367 -1,
      374 363 368 -1,
      374 371 369 -1,
      374 375 371 -1,
      374 376 375 -1,
      374 369 363 -1,
      377 124 132 -1,
      377 132 131 -1,
      377 372 124 -1,
      378 373 367 -1,
      378 367 372 -1,
      379 376 374 -1,
      379 368 373 -1,
      379 380 376 -1,
      379 374 368 -1,
      379 381 380 -1,
      382 377 131 -1,
      382 131 130 -1,
      382 130 129 -1,
      383 372 377 -1,
      383 377 382 -1,
      383 378 372 -1,
      384 381 379 -1,
      384 373 378 -1,
      384 379 373 -1,
      384 385 381 -1,
      384 386 385 -1,
      387 382 129 -1,
      387 129 125 -1,
      387 125 126 -1,
      388 383 382 -1,
      389 378 383 -1,
      389 390 386 -1,
      389 391 390 -1,
      389 386 384 -1,
      389 384 378 -1,
      392 126 127 -1,
      392 127 128 -1,
      392 387 126 -1,
      393 388 382 -1,
      393 382 387 -1,
      394 383 388 -1,
      394 395 391 -1,
      394 396 395 -1,
      394 391 389 -1,
      394 389 383 -1,
      397 128 92 -1,
      397 92 90 -1,
      397 392 128 -1,
      398 387 392 -1,
      398 393 387 -1,
      399 394 388 -1,
      399 396 394 -1,
      399 400 396 -1,
      399 401 400 -1,
      399 388 393 -1,
      402 90 88 -1,
      402 88 86 -1,
      402 397 90 -1,
      403 392 397 -1,
      403 398 392 -1,
      403 397 402 -1,
      404 401 399 -1,
      404 399 393 -1,
      404 405 401 -1,
      404 406 405 -1,
      404 393 398 -1,
      407 402 86 -1,
      407 86 84 -1,
      407 84 82 -1,
      408 403 402 -1,
      409 398 403 -1,
      409 404 398 -1,
      409 410 406 -1,
      409 411 410 -1,
      409 406 404 -1,
      412 82 80 -1,
      412 80 74 -1,
      412 407 82 -1,
      413 408 402 -1,
      413 402 407 -1,
      414 411 409 -1,
      414 403 408 -1,
      414 415 411 -1,
      414 416 415 -1,
      414 409 403 -1,
      414 408 413 -1,
      417 74 73 -1,
      417 73 72 -1,
      417 412 74 -1,
      418 407 412 -1,
      418 413 407 -1,
      419 416 414 -1,
      419 414 413 -1,
      419 420 416 -1,
      419 421 420 -1,
      422 417 72 -1,
      422 72 71 -1,
      422 71 70 -1,
      423 412 417 -1,
      423 418 412 -1,
      423 417 422 -1,
      424 418 423 -1,
      424 413 418 -1,
      424 421 419 -1,
      424 425 421 -1,
      424 426 425 -1,
      424 419 413 -1,
      427 70 55 -1,
      427 55 54 -1,
      427 422 70 -1,
      428 423 422 -1,
      429 423 428 -1,
      429 426 424 -1,
      429 424 423 -1,
      429 430 426 -1,
      429 431 430 -1,
      432 54 56 -1,
      432 56 57 -1,
      432 427 54 -1,
      433 428 422 -1,
      433 422 427 -1,
      434 429 428 -1,
      434 435 431 -1,
      434 436 435 -1,
      434 431 429 -1,
      437 57 58 -1,
      437 58 59 -1,
      437 432 57 -1,
      438 427 432 -1,
      438 433 427 -1,
      439 434 428 -1,
      439 433 438 -1,
      439 428 433 -1,
      439 436 434 -1,
      439 440 436 -1,
      439 441 440 -1,
      442 437 59 -1,
      442 59 60 -1,
      442 60 61 -1,
      443 437 442 -1,
      443 432 437 -1,
      443 438 432 -1,
      444 439 438 -1,
      444 441 439 -1,
      444 445 441 -1,
      444 446 445 -1,
      138 61 62 -1,
      138 62 63 -1,
      138 442 61 -1,
      142 443 442 -1,
      447 444 438 -1,
      447 443 142 -1,
      447 438 443 -1,
      447 448 446 -1,
      447 449 448 -1,
      447 446 444 -1,
      139 138 63 -1,
      139 63 64 -1,
      139 64 65 -1,
      137 142 442 -1,
      137 442 138 -1,
      141 447 142 -1,
      141 449 447 -1,
      141 450 449 -1,
      141 143 450 -1,
      147 139 65 -1,
      147 65 66 -1,
      147 66 67 -1,
      215 210 214 -1,
      220 210 215 -1,
      220 215 219 -1,
      180 184 185 -1,
      230 224 225 -1,
      230 225 229 -1,
      179 180 185 -1,
      179 185 189 -1,
      179 189 190 -1,
      239 234 235 -1,
      170 174 175 -1,
      240 234 239 -1,
      254 249 250 -1,
      151 152 156 -1,
      151 156 157 -1,
      151 157 164 -1,
      259 249 254 -1,
      259 254 255 -1,
      260 249 259 -1,
      144 145 151 -1,
      143 144 151 -1,
      270 260 264 -1,
      270 264 265 -1,
      270 265 269 -1,
      270 249 260 -1,
      270 245 249 -1,
      279 270 274 -1,
      279 274 275 -1,
      441 445 446 -1,
      441 446 448 -1,
      441 448 449 -1,
      280 270 279 -1,
      436 440 441 -1,
      285 280 284 -1,
      285 245 270 -1,
      285 234 240 -1,
      285 230 234 -1,
      285 270 280 -1,
      285 240 244 -1,
      285 244 245 -1,
      290 285 289 -1,
      290 230 285 -1,
      290 210 220 -1,
      290 224 230 -1,
      290 199 200 -1,
      290 200 204 -1,
      290 204 205 -1,
      290 205 209 -1,
      290 209 210 -1,
      290 220 224 -1,
      430 436 441 -1,
      430 431 435 -1,
      430 435 436 -1,
      430 449 450 -1,
      430 450 143 -1,
      430 143 151 -1,
      430 441 449 -1,
      295 290 294 -1,
      421 425 426 -1,
      416 420 421 -1,
      416 421 426 -1,
      305 295 299 -1,
      305 299 300 -1,
      305 300 304 -1,
      305 290 295 -1,
      310 290 305 -1,
      411 416 426 -1,
      411 415 416 -1,
      411 426 430 -1,
      314 310 311 -1,
      314 290 310 -1,
      401 405 406 -1,
      401 406 410 -1,
      401 410 411 -1,
      318 315 317 -1,
      400 401 411 -1,
      160 314 315 -1,
      160 315 318 -1,
      395 396 400 -1,
      325 160 159 -1,
      391 395 400 -1,
      326 314 160 -1,
      326 160 325 -1,
      326 290 314 -1,
      390 391 400 -1,
      331 326 330 -1,
      331 199 290 -1,
      331 179 190 -1,
      331 165 169 -1,
      331 169 170 -1,
      331 170 175 -1,
      331 175 179 -1,
      331 190 194 -1,
      331 194 195 -1,
      331 195 199 -1,
      331 290 326 -1,
      385 386 390 -1,
      381 385 390 -1,
      336 331 335 -1,
      340 331 336 -1,
      341 331 340 -1,
      375 376 380 -1,
      371 380 381 -1,
      371 375 380 -1,
      346 341 345 -1,
      370 371 381 -1,
      351 346 350 -1,
      351 341 346 -1,
      365 366 370 -1,
      365 390 400 -1,
      365 381 390 -1,
      365 370 381 -1,
      355 341 351 -1,
      356 331 341 -1,
      356 341 355 -1,
      360 361 365 -1,
      360 165 331 -1,
      360 151 164 -1,
      360 411 430 -1,
      360 365 400 -1,
      360 164 165 -1,
      360 430 151 -1,
      360 331 356 -1,
      360 400 411 -1
    ]
  }
}
Shape {
  appearance Appearance { material Material {
    diffuseColor 0.82 0.82 0.85
    specularColor 0.3 0.3 0.3  shininess 0.4  transparency 0.0
  } }
  geometry IndexedFaceSet {
    solid TRUE
    coord Coordinate { point [
      -2.7 1.25 0.15,
      -2.7 2.15 0.0,
      -2.7 1.25 0.0,
      -2.7 2.15 0.15,
      -1.3 2.15 0.0,
      -1.3 1.25 0.0,
      -1.3 1.25 0.15,
      -1.3 2.15 0.15,
      -2.45 2.15 0.15,
      -2.45 1.25 0.15,
      -2.45 1.25 0.4,
      -2.45 2.15 0.4,
      -2.6 2.15 0.4,
      -2.6 1.25 0.4,
      -2.6 2.15 0.15,
      -2.6 1.25 0.15,
      -2.7 -0.45 0.15,
      -2.7 0.45 0.0,
      -2.7 -0.45 0.0,
      -2.7 0.45 0.15,
      -1.3 0.45 0.0,
      -1.3 -0.45 0.0,
      -1.3 -0.45 0.15,
      -1.3 0.45 0.15,
      -2.45 0.45 0.15,
      -2.45 -0.45 0.15,
      -2.45 -0.45 0.4,
      -2.45 0.45 0.4,
      -2.6 0.45 0.4,
      -2.6 -0.45 0.4,
      -2.6 0.45 0.15,
      -2.6 -0.45 0.15,
      -2.7 -2.15 0.15,
      -2.7 -1.25 0.0,
      -2.7 -2.15 0.0,
      -2.7 -1.25 0.15,
      -1.3 -1.25 0.0,
      -1.3 -2.15 0.0,
      -1.3 -2.15 0.15,
      -1.3 -1.25 0.15,
      -2.45 -1.25 0.15,
      -2.45 -2.15 0.15,
      -2.45 -2.15 0.4,
      -2.45 -1.25 0.4,
      -2.6 -1.25 0.4,
      -2.6 -2.15 0.4,
      -2.6 -1.25 0.15,
      -2.6 -2.15 0.15,
      1.3 1.25 0.15,
      1.3 2.15 0.0,
      1.3 1.25 0.0,
      1.3 2.15 0.15,
      2.7 2.15 0.0,
      2.7 1.25 0.0,
      2.7 1.25 0.15,
      2.7 2.15 0.15,
      2.6 2.15 0.15,
      2.6 1.25 0.15,
      2.6 1.25 0.4,
      2.6 2.15 0.4,
      2.45 2.15 0.4,
      2.45 1.25 0.4,
      2.45 2.15 0.15,
      2.45 1.25 0.15,
      1.3 -0.45 0.15,
      1.3 0.45 0.0,
      1.3 -0.45 0.0,
      1.3 0.45 0.15,
      2.7 0.45 0.0,
      2.7 -0.45 0.0,
      2.7 -0.45 0.15,
      2.7 0.45 0.15,
      2.6 0.45 0.15,
      2.6 -0.45 0.15,
      2.6 -0.45 0.4,
      2.6 0.45 0.4,
      2.45 0.45 0.4,
      2.45 -0.45 0.4,
      2.45 0.45 0.15,
      2.45 -0.45 0.15,
      1.3 -2.15 0.15,
      1.3 -1.25 0.0,
      1.3 -2.15 0.0,
      1.3 -1.25 0.15,
      2.7 -1.25 0.0,
      2.7 -2.15 0.0,
      2.7 -2.15 0.15,
      2.7 -1.25 0.15,
      2.6 -1.25 0.15,
      2.6 -2.15 0.15,
      2.6 -2.15 0.4,
      2.6 -1.25 0.4,
      2.45 -1.25 0.4,
      2.45 -2.15 0.4,
      2.45 -1.25 0.15,
      2.45 -2.15 0.15
    ] }
    coordIndex [
      0 1 2 -1,
      0 3 1 -1,
      4 2 1 -1,
      4 5 2 -1,
      6 5 4 -1,
      6 4 7 -1,
      7 8 9 -1,
      7 9 6 -1,
      10 9 8 -1,
      10 8 11 -1,
      11 12 13 -1,
      11 13 10 -1,
      13 14 15 -1,
      13 12 14 -1,
      14 1 3 -1,
      8 1 14 -1,
      11 14 12 -1,
      11 8 14 -1,
      4 1 8 -1,
      7 4 8 -1,
      14 3 0 -1,
      14 0 15 -1,
      15 0 2 -1,
      9 15 2 -1,
      10 13 15 -1,
      10 15 9 -1,
      5 9 2 -1,
      6 9 5 -1,
      16 17 18 -1,
      16 19 17 -1,
      20 18 17 -1,
      20 21 18 -1,
      22 21 20 -1,
      22 20 23 -1,
      23 24 25 -1,
      23 25 22 -1,
      26 25 24 -1,
      26 24 27 -1,
      27 28 29 -1,
      27 29 26 -1,
      29 30 31 -1,
      29 28 30 -1,
      30 17 19 -1,
      24 17 30 -1,
      27 30 28 -1,
      27 24 30 -1,
      20 17 24 -1,
      23 20 24 -1,
      30 19 16 -1,
      30 16 31 -1,
      31 16 18 -1,
      25 31 18 -1,
      26 29 31 -1,
      26 31 25 -1,
      21 25 18 -1,
      22 25 21 -1,
      32 33 34 -1,
      32 35 33 -1,
      36 34 33 -1,
      36 37 34 -1,
      38 37 36 -1,
      38 36 39 -1,
      39 40 41 -1,
      39 41 38 -1,
      42 41 40 -1,
      42 40 43 -1,
      43 44 45 -1,
      43 45 42 -1,
      45 46 47 -1,
      45 44 46 -1,
      46 33 35 -1,
      40 33 46 -1,
      43 46 44 -1,
      43 40 46 -1,
      36 33 40 -1,
      39 36 40 -1,
      46 35 32 -1,
      46 32 47 -1,
      47 32 34 -1,
      41 47 34 -1,
      42 45 47 -1,
      42 47 41 -1,
      37 41 34 -1,
      38 41 37 -1,
      48 49 50 -1,
      48 51 49 -1,
      52 50 49 -1,
      52 53 50 -1,
      54 53 52 -1,
      54 52 55 -1,
      55 56 57 -1,
      55 57 54 -1,
      58 57 56 -1,
      58 56 59 -1,
      59 60 61 -1,
      59 61 58 -1,
      61 62 63 -1,
      61 60 62 -1,
      62 49 51 -1,
      52 49 62 -1,
      56 52 62 -1,
      55 52 56 -1,
      59 62 60 -1,
      59 56 62 -1,
      62 51 48 -1,
      62 48 63 -1,
      63 48 50 -1,
      53 63 50 -1,
      57 63 53 -1,
      54 57 53 -1,
      58 61 63 -1,
      58 63 57 -1,
      64 65 66 -1,
      64 67 65 -1,
      68 66 65 -1,
      68 69 66 -1,
      70 69 68 -1,
      70 68 71 -1,
      71 72 73 -1,
      71 73 70 -1,
      74 73 72 -1,
      74 72 75 -1,
      75 76 77 -1,
      75 77 74 -1,
      77 78 79 -1,
      77 76 78 -1,
      78 65 67 -1,
      68 65 78 -1,
      72 68 78 -1,
      71 68 72 -1,
      75 78 76 -1,
      75 72 78 -1,
      78 67 64 -1,
      78 64 79 -1,
      79 64 66 -1,
      69 79 66 -1,
      73 79 69 -1,
      70 73 69 -1,
      74 77 79 -1,
      74 79 73 -1,
      80 81 82 -1,
      80 83 81 -1,
      84 82 81 -1,
      84 85 82 -1,
      86 85 84 -1,
      86 84 87 -1,
      87 88 89 -1,
      87 89 86 -1,
      90 89 88 -1,
      90 88 91 -1,
      91 92 93 -1,
      91 93 90 -1,
      93 94 95 -1,
      93 92 94 -1,
      94 81 83 -1,
      84 81 94 -1,
      88 84 94 -1,
      87 84 88 -1,
      91 94 92 -1,
      91 88 94 -1,
      94 83 80 -1,
      94 80 95 -1,
      95 80 82 -1,
      85 95 82 -1,
      89 95 85 -1,
      86 89 85 -1,
      90 93 95 -1,
      90 95 89 -1
    ]
  }
}
Shape {
  appearance Appearance { material Material {
    diffuseColor 0.75 0.83 0.92
    specularColor 0.3 0.3 0.3  shininess 0.4  transparency 0.55
  } }
  geometry IndexedFaceSet {
    solid TRUE
    coord Coordinate { point [
      -1.85336 0.47192 0.725,
      -1.9205 0.699 0.9375,
      -1.79716 0.65411 0.725,
      -1.98055 0.50431 0.9375,
      -1.67383 0.60922 0.5125,
      -1.7231 0.8298 0.725,
      -1.60485 0.77286 0.5125,
      -1.52044 0.64092 0.3,
      -1.55049 0.56433 0.3,
      -1.5767 0.48635 0.3,
      -2.04121 0.10187 0.9375,
      -2.1723 0.10841 1.15,
      -2.16419 0.21656 1.15,
      -2.175 -0.0 1.15,
      -2.02092 0.30461 0.9375,
      2.04375 0.0 0.9375,
      2.1723 0.10841 1.15,
      2.175 0.0 1.15,
      -1.89114 0.28504 0.725,
      -1.72617 0.43954 0.5125,
      -1.59898 0.40715 0.3,
      -1.61728 0.32694 0.3,
      -2.04121 -0.10187 0.9375,
      -2.1723 -0.10841 1.15,
      -2.16419 -0.21656 1.15,
      -1.91012 0.09533 0.725,
      -1.76135 0.26548 0.5125,
      -1.63157 0.24592 0.3,
      -1.6418 0.16429 0.3,
      -2.02092 -0.30461 0.9375,
      -2.15071 -0.32417 1.15,
      -2.13188 -0.43097 1.15,
      1.64795 0.08225 0.3,
      1.78125 0.0 0.5125,
      1.65 0.0 0.3,
      -1.91012 -0.09533 0.725,
      -1.77904 0.08879 0.5125,
      -1.64795 0.08225 0.3,
      -1.65 -0.0 0.3,
      -1.98055 -0.50431 0.9375,
      -2.10774 -0.5367 1.15,
      -2.07837 -0.64109 1.15,
      -1.89114 -0.28504 0.725,
      -1.77904 -0.08879 0.5125,
      -1.64795 -0.08225 0.3,
      -1.6418 -0.16429 0.3,
      -1.9205 -0.699 0.9375,
      -2.04383 -0.74389 1.15,
      -2.00421 -0.84485 1.15,
      -1.85336 -0.47192 0.725,
      -1.76135 -0.26548 0.5125,
      -1.63157 -0.24592 0.3,
      -1.61728 -0.32694 0.3,
      -1.84136 -0.88675 0.9375,
      -1.95961 -0.9437 1.15,
      -1.91013 -1.0402 1.15,
      -1.79716 -0.65411 0.725,
      -1.72617 -0.43954 0.5125,
      -1.59898 -0.40715 0.3,
      -1.5767 -0.48635 0.3,
      -1.74391 -1.06568 0.9375,
      -1.85591 -1.13412 1.15,
      -1.79707 -1.22522 1.15,
      -1.7231 -0.8298 0.725,
      -1.67383 -0.60922 0.5125,
      -1.55049 -0.56433 0.3,
      -1.52044 -0.64092 0.3,
      -1.62914 -1.23403 0.9375,
      -1.73376 -1.31327 1.15,
      -1.66615 -1.39806 1.15,
      -1.63192 -0.99724 0.725,
      -1.60485 -0.77286 0.5125,
      -1.4866 -0.71591 0.3,
      -1.44907 -0.78912 0.3,
      -1.49817 -1.3901 0.9375,
      -1.59439 -1.47938 1.15,
      -1.51867 -1.55701 1.15,
      -1.52452 -1.15478 0.725,
      -1.51992 -0.92881 0.5125,
      -1.40793 -0.86037 0.3,
      -1.36329 -0.92948 0.3,
      -1.35232 -1.53237 0.9375,
      -1.43917 -1.63077 1.15,
      -1.35609 -1.70048 1.15,
      -1.40196 -1.30083 0.725,
      -1.41989 -1.07553 0.5125,
      -1.31527 -0.99628 0.3,
      -1.26397 -1.0606 0.3,
      -1.19303 -1.6594 0.9375,
      -1.26964 -1.76597 1.15,
      -1.18004 -1.82706 1.15,
      -1.26547 -1.43396 0.725,
      -1.30575 -1.21156 0.5125,
      -1.20954 -1.12229 0.3,
      -1.15209 -1.18118 0.3,
      -1.02188 -1.76994 0.9375,
      -1.0875 -1.88361 1.15,
      -0.99226 -1.93547 1.15,
      -1.11641 -1.55283 0.725,
      -1.17863 -1.33555 0.5125,
      -1.09178 -1.23714 0.3,
      -1.02876 -1.29002 0.3,
      -0.84057 -1.86289 0.9375,
      -0.89455 -1.98253 1.15,
      -0.79462 -2.02465 1.15,
      -0.95625 -1.65627 0.725,
      -1.03979 -1.44626 0.5125,
      -0.96318 -1.3397 0.3,
      -0.8952 -1.38604 0.3,
      -0.65091 -1.93733 0.9375,
      -0.69271 -2.06174 1.15,
      -0.58908 -2.09371 1.15,
      -0.78659 -1.74325 0.725,
      -0.89062 -1.54261 0.5125,
      -0.825 -1.42894 0.3,
      -0.75275 -1.46829 0.3,
      -0.45478 -1.99251 0.9375,
      -0.48398 -2.12047 1.15,
      -0.37768 -2.14196 1.15,
      -0.60911 -1.81291 0.725,
      -0.73261 -1.62362 0.5125,
      -0.67862 -1.50398 0.3,
      -0.60281 -1.53594 0.3,
      -0.25413 -2.02789 0.9375,
      -0.27045 -2.15812 1.15,
      -0.16254 -2.16892 1.15,
      -0.42557 -1.86455 0.725,
      -0.5673 -1.6885 0.5125,
      -0.5255 -1.56408 0.3,
      -0.44689 -1.58833 0.3,
      -0.05095 -2.04311 0.9375,
      -0.05422 -2.17432 1.15,
      0.05422 -2.17432 1.15,
      -0.23781 -1.89766 0.725,
      -0.39637 -1.73659 0.5125,
      -0.36716 -1.60863 0.3,
      -0.28652 -1.62493 0.3,
      0.15273 -2.03804 0.9375,
      0.16254 -2.16892 1.15,
      0.27045 -2.15812 1.15,
      -0.04768 -1.91191 0.725,
      -0.22149 -1.76743 0.5125,
      -0.20517 -1.63719 0.3,
      -0.1233 -1.64539 0.3,
      0.35489 -2.0127 0.9375,
      0.37768 -2.14196 1.15,
      0.48398 -2.12047 1.15,
      0.14292 -1.90715 0.725,
      -0.04441 -1.7807 0.5125,
      -0.04114 -1.64949 0.3,
      0.04114 -1.64949 0.3,
      0.55353 -1.96736 0.9375,
      0.69271 -2.06174 1.15,
      0.58908 -2.09371 1.15,
      0.3321 -1.88344 0.725,
      0.13311 -1.77627 0.5125,
      0.1233 -1.64539 0.3,
      0.20517 -1.63719 0.3,
      0.74667 -1.90247 0.9375,
      0.79462 -2.02465 1.15,
      0.89455 -1.98253 1.15,
      0.51798 -1.84102 0.725,
      0.30931 -1.75419 0.5125,
      0.28652 -1.62493 0.3,
      0.36716 -1.60863 0.3,
      0.93238 -1.81868 0.9375,
      0.99226 -1.93547 1.15,
      1.0875 -1.88361 1.15,
      0.69871 -1.7803 0.725,
      0.48243 -1.71467 0.5125,
      0.44689 -1.58833 0.3,
      0.5255 -1.56408 0.3,
      1.10883 -1.7168 0.9375,
      1.18004 -1.82706 1.15,
      1.26964 -1.76597 1.15,
      0.8725 -1.70188 0.725,
      0.65076 -1.65812 0.5125,
      0.60281 -1.53594 0.3,
      0.67862 -1.50398 0.3,
      1.27426 -1.59787 0.9375,
      1.35609 -1.70048 1.15,
      1.43917 -1.63077 1.15,
      1.03762 -1.60655 0.725,
      0.81263 -1.58508 0.5125,
      0.75275 -1.46829 0.3,
      0.825 -1.42894 0.3,
      1.42702 -1.46305 0.9375,
      1.51867 -1.55701 1.15,
      1.59439 -1.47938 1.15,
      1.19242 -1.49525 0.725,
      0.96641 -1.4963 0.5125,
      0.8952 -1.38604 0.3,
      0.96318 -1.3397 0.3,
      1.5656 -1.3137 0.9375,
      1.66615 -1.39806 1.15,
      1.73376 -1.31327 1.15,
      1.33538 -1.3691 0.725,
      1.11059 -1.39264 0.5125,
      1.02876 -1.29002 0.3,
      1.09178 -1.23714 0.3,
      1.68863 -1.15129 0.9375,
      1.79707 -1.22522 1.15,
      1.85591 -1.13412 1.15,
      1.46506 -1.22933 0.725,
      1.24373 -1.27514 0.5125,
      1.15209 -1.18118 0.3,
      1.20954 -1.12229 0.3,
      1.79487 -0.97743 0.9375,
      1.91013 -1.0402 1.15,
      1.95961 -0.9437 1.15,
      1.58018 -1.07735 0.725,
      1.36452 -1.14497 0.5125,
      1.26397 -1.0606 0.3,
      1.31527 -0.99628 0.3,
      1.88327 -0.79386 0.9375,
      2.00421 -0.84485 1.15,
      2.04383 -0.74389 1.15,
      1.6796 -0.91466 0.725,
      1.47174 -1.00341 0.5125,
      1.36329 -0.92948 0.3,
      1.40793 -0.86037 0.3,
      1.95295 -0.60241 0.9375,
      2.07837 -0.64109 1.15,
      2.10774 -0.5367 1.15,
      1.76232 -0.74288 0.725,
      1.56433 -0.85189 0.5125,
      1.44907 -0.78912 0.3,
      1.4866 -0.71591 0.3,
      2.00323 -0.40496 0.9375,
      2.13188 -0.43097 1.15,
      2.15071 -0.32417 1.15,
      1.82753 -0.56372 0.725,
      1.64138 -0.6919 0.5125,
      1.52044 -0.64092 0.3,
      1.55049 -0.56433 0.3,
      2.03359 -0.20349 0.9375,
      2.1723 -0.10841 1.15,
      2.16419 -0.21656 1.15,
      1.9125 0.0 0.725,
      1.87458 -0.37895 0.725,
      1.70211 -0.52503 0.5125,
      1.5767 -0.48635 0.3,
      1.59898 -0.40715 0.3,
      1.903 -0.19042 0.725,
      1.74593 -0.35295 0.5125,
      1.61728 -0.32694 0.3,
      1.63157 -0.24592 0.3,
      1.7724 -0.17736 0.5125,
      1.6418 -0.16429 0.3,
      1.64795 -0.08225 0.3,
      2.03359 0.20349 0.9375,
      2.16419 0.21656 1.15,
      2.15071 0.32417 1.15,
      2.00323 0.40496 0.9375,
      2.13188 0.43097 1.15,
      2.10774 0.5367 1.15,
      1.903 0.19042 0.725,
      1.95295 0.60241 0.9375,
      2.07837 0.64109 1.15,
      2.04383 0.74389 1.15,
      1.87458 0.37895 0.725,
      1.7724 0.17736 0.5125,
      1.6418 0.16429 0.3,
      1.63157 0.24592 0.3,
      1.88327 0.79386 0.9375,
      2.00421 0.84485 1.15,
      1.95961 0.9437 1.15,
      1.82753 0.56372 0.725,
      1.74593 0.35295 0.5125,
      1.61728 0.32694 0.3,
      1.59898 0.40715 0.3,
      1.79487 0.97743 0.9375,
      1.91013 1.0402 1.15,
      1.85591 1.13412 1.15,
      1.76232 0.74288 0.725,
      1.70211 0.52503 0.5125,
      1.5767 0.48635 0.3,
      1.55049 0.56433 0.3,
      1.68863 1.15129 0.9375,
      1.79707 1.22522 1.15,
      1.73376 1.31327 1.15,
      1.6796 0.91466 0.725,
      1.64138 0.6919 0.5125,
      1.52044 0.64092 0.3,
      1.4866 0.71591 0.3,
      1.5656 1.3137 0.9375,
      1.66615 1.39806 1.15,
      1.59439 1.47938 1.15,
      1.58018 1.07735 0.725,
      1.56433 0.85189 0.5125,
      1.44907 0.78912 0.3,
      1.40793 0.86037 0.3,
      1.42702 1.46305 0.9375,
      1.51867 1.55701 1.15,
      1.43917 1.63077 1.15,
      1.46506 1.22933 0.725,
      1.47174 1.00341 0.5125,
      1.36329 0.92948 0.3,
      1.31527 0.99628 0.3,
      1.27426 1.59787 0.9375,
      1.35609 1.70048 1.15,
      1.26964 1.76597 1.15,
      1.33538 1.3691 0.725,
      1.36452 1.14497 0.5125,
      1.26397 1.0606 0.3,
      1.20954 1.12229 0.3,
      1.10883 1.7168 0.9375,
      1.18004 1.82706 1.15,
      1.0875 1.88361 1.15,
      1.19242 1.49525 0.725,
      1.24373 1.27514 0.5125,
      1.15209 1.18118 0.3,
      1.09178 1.23714 0.3,
      0.93238 1.81868 0.9375,
      0.99226 1.93547 1.15,
      0.89455 1.98253 1.15,
      1.03762 1.60655 0.725,
      1.11059 1.39264 0.5125,
      1.02876 1.29002 0.3,
      0.96318 1.3397 0.3,
      0.74667 1.90247 0.9375,
      0.79462 2.02465 1.15,
      0.69271 2.06174 1.15,
      0.8725 1.70188 0.725,
      0.96641 1.4963 0.5125,
      0.8952 1.38604 0.3,
      0.825 1.42894 0.3,
      0.55353 1.96736 0.9375,
      0.58908 2.09371 1.15,
      0.48398 2.12047 1.15,
      0.69871 1.7803 0.725,
      0.81263 1.58508 0.5125,
      0.75275 1.46829 0.3,
      0.67862 1.50398 0.3,
      0.35489 2.0127 0.9375,
      0.37768 2.14196 1.15,
      0.27045 2.15812 1.15,
      0.51798 1.84102 0.725,
      0.65076 1.65812 0.5125,
      0.60281 1.53594 0.3,
      0.5255 1.56408 0.3,
      0.15273 2.03804 0.9375,
      0.16254 2.16892 1.15,
      0.05422 2.17432 1.15,
      0.3321 1.88344 0.725,
      0.48243 1.71467 0.5125,
      0.44689 1.58833 0.3,
      0.36716 1.60863 0.3,
      -0.05095 2.04311 0.9375,
      -0.05422 2.17432 1.15,
      -0.16254 2.16892 1.15,
      0.14292 1.90715 0.725,
      0.30931 1.75419 0.5125,
      0.28652 1.62493 0.3,
      0.20517 1.63719 0.3,
      -0.25413 2.02789 0.9375,
      -0.27045 2.15812 1.15,
      -0.37768 2.14196 1.15,
      -0.04768 1.91191 0.725,
      0.13311 1.77627 0.5125,
      0.1233 1.64539 0.3,
      0.04114 1.64949 0.3,
      -0.45478 1.99251 0.9375,
      -0.48398 2.12047 1.15,
      -0.58908 2.09371 1.15,
      -0.23781 1.89766 0.725,
      -0.04441 1.7807 0.5125,
      -0.04114 1.64949 0.3,
      -0.1233 1.64539 0.3,
      -0.65091 1.93733 0.9375,
      -0.69271 2.06174 1.15,
      -0.79462 2.02465 1.15,
      -0.42557 1.86455 0.725,
      -0.22149 1.76743 0.5125,
      -0.20517 1.63719 0.3,
      -0.28652 1.62493 0.3,
      -0.84057 1.86289 0.9375,
      -0.89455 1.98253 1.15,
      -0.99226 1.93547 1.15,
      -0.60911 1.81291 0.725,
      -0.39637 1.73659 0.5125,
      -0.36716 1.60863 0.3,
      -0.44689 1.58833 0.3,
      -1.02188 1.76994 0.9375,
      -1.0875 1.88361 1.15,
      -1.18004 1.82706 1.15,
      -0.78659 1.74325 0.725,
      -0.5673 1.6885 0.5125,
      -0.5255 1.56408 0.3,
      -0.60281 1.53594 0.3,
      -1.19303 1.6594 0.9375,
      -1.26964 1.76597 1.15,
      -1.35609 1.70048 1.15,
      -0.95625 1.65627 0.725,
      -0.73261 1.62362 0.5125,
      -0.67862 1.50398 0.3,
      -0.75275 1.46829 0.3,
      -1.35232 1.53237 0.9375,
      -1.43917 1.63077 1.15,
      -1.51867 1.55701 1.15,
      -1.11641 1.55283 0.725,
      -0.89062 1.54261 0.5125,
      -0.825 1.42894 0.3,
      -0.8952 1.38604 0.3,
      -1.49817 1.3901 0.9375,
      -1.59439 1.47938 1.15,
      -1.66615 1.39806 1.15,
      -1.26547 1.43396 0.725,
      -1.03979 1.44626 0.5125,
      -0.96318 1.3397 0.3,
      -1.02876 1.29002 0.3,
      -1.62914 1.23403 0.9375,
      -1.73376 1.31327 1.15,
      -1.79707 1.22522 1.15,
      -1.40196 1.30083 0.725,
      -1.17863 1.33555 0.5125,
      -1.09178 1.23714 0.3,
      -1.15209 1.18118 0.3,
      -1.74391 1.06568 0.9375,
      -1.85591 1.13412 1.15,
      -1.91013 1.0402 1.15,
      -1.52452 1.15478 0.725,
      -1.30575 1.21156 0.5125,
      -1.20954 1.12229 0.3,
      -1.26397 1.0606 0.3,
      -1.84136 0.88675 0.9375,
      -1.95961 0.9437 1.15,
      -2.00421 0.84485 1.15,
      -1.63192 0.99724 0.725,
      -1.41989 1.07553 0.5125,
      -1.31527 0.99628 0.3,
      -1.36329 0.92948 0.3,
      -2.04383 0.74389 1.15,
      -2.07837 0.64109 1.15,
      -1.51992 0.92881 0.5125,
      -1.40793 0.86037 0.3,
      -1.44907 0.78912 0.3,
      -2.10774 0.5367 1.15,
      -2.13188 0.43097 1.15,
      -1.4866 0.71591 0.3,
      -2.15071 0.32417 1.15,
      -1.57606 -1.46237 1.15,
      -1.50121 -1.53911 1.15,
      -1.42262 -1.61203 1.15,
      -1.647 -1.38199 1.15,
      -1.3405 -1.68094 1.15,
      -1.71383 -1.29818 1.15,
      -1.25505 -1.74567 1.15,
      -1.77641 -1.21114 1.15,
      -1.16647 -1.80606 1.15,
      -1.83458 -1.12109 1.15,
      -1.075 -1.86195 1.15,
      -1.88818 -1.02825 1.15,
      -0.98085 -1.91322 1.15,
      -1.93708 -0.93285 1.15,
      -0.88427 -1.95974 1.15,
      -1.98117 -0.83513 1.15,
      -0.78548 -2.00138 1.15,
      -2.02034 -0.73534 1.15,
      -0.68475 -2.03804 1.15,
      -2.05448 -0.63372 1.15,
      -0.58231 -2.06964 1.15,
      -2.08352 -0.53053 1.15,
      -0.47842 -2.0961 1.15,
      -2.10737 -0.42601 1.15,
      -0.37334 -2.11734 1.15,
      -2.12599 -0.32044 1.15,
      -0.26734 -2.13331 1.15,
      -2.13932 -0.21407 1.15,
      -0.16067 -2.14399 1.15,
      -2.14733 -0.10717 1.15,
      -0.0536 -2.14933 1.15,
      -2.15 -0.0 1.15,
      0.0536 -2.14933 1.15,
      -2.14733 0.10717 1.15,
      0.16067 -2.14399 1.15,
      -2.13932 0.21407 1.15,
      0.26734 -2.13331 1.15,
      -2.12599 0.32044 1.15,
      0.37334 -2.11734 1.15,
      -2.10737 0.42601 1.15,
      0.47842 -2.0961 1.15,
      -2.08352 0.53053 1.15,
      0.58231 -2.06964 1.15,
      -2.05448 0.63372 1.15,
      0.68475 -2.03804 1.15,
      -2.02034 0.73534 1.15,
      0.78548 -2.00138 1.15,
      -1.98117 0.83513 1.15,
      0.88427 -1.95974 1.15,
      -1.93708 0.93285 1.15,
      0.98085 -1.91322 1.15,
      -1.88818 1.02825 1.15,
      1.075 -1.86195 1.15,
      -1.83458 1.12109 1.15,
      1.16647 -1.80606 1.15,
      -1.77641 1.21114 1.15,
      1.25505 -1.74567 1.15,
      -1.71383 1.29818 1.15,
      1.3405 -1.68094 1.15,
      -1.647 1.38199 1.15,
      1.42262 -1.61203 1.15,
      -1.57606 1.46237 1.15,
      1.50121 -1.53911 1.15,
      -1.50121 1.53911 1.15,
      1.57606 -1.46237 1.15,
      -1.42262 1.61203 1.15,
      1.647 -1.38199 1.15,
      -1.3405 1.68094 1.15,
      1.71383 -1.29818 1.15,
      -1.25505 1.74567 1.15,
      1.77641 -1.21114 1.15,
      -1.16647 1.80606 1.15,
      1.83458 -1.12109 1.15,
      -1.075 1.86195 1.15,
      1.88818 -1.02825 1.15,
      -0.98085 1.91322 1.15,
      1.93708 -0.93285 1.15,
      -0.88427 1.95974 1.15,
      1.98117 -0.83513 1.15,
      -0.78548 2.00138 1.15,
      2.02034 -0.73534 1.15,
      -0.68475 2.03804 1.15,
      2.05448 -0.63372 1.15,
      -0.58231 2.06964 1.15,
      2.08352 -0.53053 1.15,
      -0.47842 2.0961 1.15,
      2.10737 -0.42601 1.15,
      -0.37334 2.11734 1.15,
      2.12599 -0.32044 1.15,
      -0.26734 2.13331 1.15,
      2.13932 -0.21407 1.15,
      -0.16067 2.14399 1.15,
      2.14733 -0.10717 1.15,
      -0.0536 2.14933 1.15,
      2.15 0.0 1.15,
      0.0536 2.14933 1.15,
      2.14733 0.10717 1.15,
      0.16067 2.14399 1.15,
      2.13932 0.21407 1.15,
      0.26734 2.13331 1.15,
      2.12599 0.32044 1.15,
      0.37334 2.11734 1.15,
      2.10737 0.42601 1.15,
      0.47842 2.0961 1.15,
      2.08352 0.53053 1.15,
      0.58231 2.06964 1.15,
      2.05448 0.63372 1.15,
      0.68475 2.03804 1.15,
      0.78548 2.00138 1.15,
      2.02034 0.73534 1.15,
      1.98117 0.83513 1.15,
      1.93708 0.93285 1.15,
      0.88427 1.95974 1.15,
      0.98085 1.91322 1.15,
      1.075 1.86195 1.15,
      1.88818 1.02825 1.15,
      1.83458 1.12109 1.15,
      1.16647 1.80606 1.15,
      1.25505 1.74567 1.15,
      1.77641 1.21114 1.15,
      1.71383 1.29818 1.15,
      1.647 1.38199 1.15,
      1.3405 1.68094 1.15,
      1.42262 1.61203 1.15,
      1.57606 1.46237 1.15,
      1.50121 1.53911 1.15,
      1.92265 -0.0 1.24338,
      1.80632 0.06308 1.28614,
      1.69125 -0.0 1.32624,
      1.79752 0.18893 1.28614,
      1.77996 0.31386 1.28614,
      1.75374 0.43726 1.28614,
      1.71896 0.55852 1.28614,
      1.67581 0.67707 1.28614,
      1.45275 0.10159 1.39841,
      1.4563 -0.0 1.39841,
      1.21829 -0.0 1.45974,
      1.6245 0.79232 1.28614,
      1.44213 0.20268 1.39841,
      1.56527 0.90371 1.28614,
      1.42448 0.30278 1.39841,
      1.49842 1.0107 1.28614,
      1.39989 0.40141 1.39841,
      1.42427 1.11276 1.28614,
      1.36848 0.49808 1.39841,
      1.34318 1.2094 1.28614,
      1.3304 0.59233 1.39841,
      1.09228 0.1148 1.48629,
      0.97772 -0.0 1.51009,
      1.25554 1.30015 1.28614,
      1.28584 0.68369 1.39841,
      1.08161 0.19072 1.48629,
      1.16179 1.38457 1.28614,
      1.23501 0.77172 1.39841,
      1.06567 0.2657 1.48629,
      1.06238 1.46224 1.28614,
      1.17817 0.85599 1.39841,
      1.04454 0.33939 1.48629,
      0.95779 1.53278 1.28614,
      1.11559 0.93609 1.39841,
      1.01832 0.41143 1.48629,
      0.84853 1.59586 1.28614,
      0.7333 0.05128 1.54936,
      0.73509 -0.0 1.54936,
      0.49092 -0.0 1.57748,
      1.04758 1.01163 1.39841,
      0.98714 0.48146 1.48629,
      0.73515 1.65116 1.28614,
      0.72794 0.10231 1.54936,
      0.97446 1.08224 1.39841,
      0.95115 0.54915 1.48629,
      0.61818 1.69842 1.28614,
      0.71903 0.15283 1.54936,
      0.89659 1.14758 1.39841,
      0.91053 0.61416 1.48629,
      0.49819 1.73741 1.28614,
      0.70662 0.20262 1.54936,
      0.81435 1.20733 1.39841,
      0.86547 0.67618 1.48629,
      0.37578 1.76793 1.28614,
      0.69076 0.25142 1.54936,
      0.72815 1.26119 1.39841,
      0.81619 0.7349 1.48629,
      0.25154 1.78983 1.28614,
      0.67154 0.29899 1.54936,
      0.6384 1.30892 1.39841,
      0.3664 0.03851 1.58733,
      0.24572 -0.0 1.59437,
      0.76294 0.79005 1.48629,
      0.12608 1.80302 1.28614,
      0.64905 0.34511 1.54936,
      0.54554 1.35026 1.39841,
      0.36282 0.06398 1.58733,
      0.0 -0.0 1.6,
      0.70597 0.84134 1.48629,
      -0.0 1.80742 1.28614,
      0.62339 0.38954 1.54936,
      0.45002 1.38503 1.39841,
      0.35747 0.08913 1.58733,
      0.64556 0.88854 1.48629,
      -0.12608 1.80302 1.28614,
      0.5947 0.43208 1.54936,
      0.35231 1.41304 1.39841,
      0.35039 0.11385 1.58733,
      0.58201 0.93141 1.48629,
      -0.25154 1.78983 1.28614,
      0.56311 0.47251 1.54936,
      0.25288 1.43418 1.39841,
      0.34159 0.13801 1.58733,
      0.51562 0.96974 1.48629,
      -0.37578 1.76793 1.28614,
      0.52878 0.51064 1.54936,
      0.15222 1.44832 1.39841,
      0.33113 0.1615 1.58733,
      0.44672 1.00334 1.48629,
      -0.49819 1.73741 1.28614,
      0.49187 0.54628 1.54936,
      0.05082 1.45541 1.39841,
      0.31906 0.18421 1.58733,
      0.37564 1.03206 1.48629,
      -0.61818 1.69842 1.28614,
      0.45257 0.57926 1.54936,
      -0.05082 1.45541 1.39841,
      0.30543 0.20602 1.58733,
      0.30273 1.05575 1.48629,
      -0.73515 1.65116 1.28614,
      0.41106 0.60942 1.54936,
      -0.15222 1.44832 1.39841,
      0.29032 0.22682 1.58733,
      0.22835 1.07429 1.48629,
      -0.84853 1.59586 1.28614,
      0.36755 0.63661 1.54936,
      -0.25288 1.43418 1.39841,
      0.27379 0.24652 1.58733,
      0.15285 1.08761 1.48629,
      -0.95779 1.53278 1.28614,
      0.32224 0.6607 1.54936,
      -0.35231 1.41304 1.39841,
      0.25592 0.26502 1.58733,
      0.07661 1.09562 1.48629,
      -1.06238 1.46224 1.28614,
      0.27537 0.68157 1.54936,
      -0.45002 1.38503 1.39841,
      0.23681 0.28222 1.58733,
      -0.0 1.09829 1.48629,
      -1.16179 1.38457 1.28614,
      0.22716 0.69912 1.54936,
      -0.54554 1.35026 1.39841,
      0.21655 0.29806 1.58733,
      -0.07661 1.09562 1.48629,
      -1.25554 1.30015 1.28614,
      0.17784 0.71326 1.54936,
      -0.6384 1.30892 1.39841,
      0.19523 0.31244 1.58733,
      -0.15285 1.08761 1.48629,
      -1.34318 1.2094 1.28614,
      0.12765 0.72393 1.54936,
      -0.72815 1.26119 1.39841,
      0.17296 0.32529 1.58733,
      -0.22835 1.07429 1.48629,
      -1.42427 1.11276 1.28614,
      0.07684 0.73107 1.54936,
      -0.81435 1.20733 1.39841,
      0.14985 0.33657 1.58733,
      -0.30273 1.05575 1.48629,
      -1.49842 1.0107 1.28614,
      0.02565 0.73465 1.54936,
      -0.89659 1.14758 1.39841,
      0.12601 0.3462 1.58733,
      -0.37564 1.03206 1.48629,
      -1.56527 0.90371 1.28614,
      -0.02565 0.73465 1.54936,
      -0.97446 1.08224 1.39841,
      0.10155 0.35415 1.58733,
      -0.44672 1.00334 1.48629,
      -1.6245 0.79232 1.28614,
      -0.07684 0.73107 1.54936,
      -1.04758 1.01163 1.39841,
      0.0766 0.36037 1.58733,
      -0.51562 0.96974 1.48629,
      -1.67581 0.67707 1.28614,
      -0.12765 0.72393 1.54936,
      -1.11559 0.93609 1.39841,
      0.05127 0.36483 1.58733,
      -0.58201 0.93141 1.48629,
      -1.71896 0.55852 1.28614,
      -0.17784 0.71326 1.54936,
      -1.17817 0.85599 1.39841,
      0.0257 0.36752 1.58733,
      -0.64556 0.88854 1.48629,
      -1.75374 0.43726 1.28614,
      -0.22716 0.69912 1.54936,
      -1.23501 0.77172 1.39841,
      -0.0 0.36842 1.58733,
      -0.70597 0.84134 1.48629,
      -1.77996 0.31386 1.28614,
      -0.27537 0.68157 1.54936,
      -1.28584 0.68369 1.39841,
      -0.0257 0.36752 1.58733,
      -0.76294 0.79005 1.48629,
      -1.79752 0.18893 1.28614,
      -0.32224 0.6607 1.54936,
      -1.3304 0.59233 1.39841,
      -0.05127 0.36483 1.58733,
      -0.81619 0.7349 1.48629,
      -1.80632 0.06308 1.28614,
      -0.36755 0.63661 1.54936,
      -1.36848 0.49808 1.39841,
      -0.0766 0.36037 1.58733,
      -0.86547 0.67618 1.48629,
      -1.80632 -0.06308 1.28614,
      -0.41106 0.60942 1.54936,
      -1.39989 0.40141 1.39841,
      -0.10155 0.35415 1.58733,
      -0.91053 0.61416 1.48629,
      -1.79752 -0.18893 1.28614,
      -0.45257 0.57926 1.54936,
      -1.42448 0.30278 1.39841,
      -0.12601 0.3462 1.58733,
      -0.95115 0.54915 1.48629,
      -1.77996 -0.31386 1.28614,
      -0.49187 0.54628 1.54936,
      -1.44213 0.20268 1.39841,
      -0.14985 0.33657 1.58733,
      -0.98714 0.48146 1.48629,
      -1.75374 -0.43726 1.28614,
      -0.52878 0.51064 1.54936,
      -1.45275 0.10159 1.39841,
      -0.17296 0.32529 1.58733,
      -1.01832 0.41143 1.48629,
      -1.71896 -0.55852 1.28614,
      -0.56311 0.47251 1.54936,
      -1.4563 -0.0 1.39841,
      -0.19523 0.31244 1.58733,
      -1.04454 0.33939 1.48629,
      -1.67581 -0.67707 1.28614,
      -0.5947 0.43208 1.54936,
      -1.45275 -0.10159 1.39841,
      -0.21655 0.29806 1.58733,
      -1.06567 0.2657 1.48629,
      -1.6245 -0.79232 1.28614,
      -0.62339 0.38954 1.54936,
      -1.44213 -0.20268 1.39841,
      -0.23681 0.28222 1.58733,
      -1.08161 0.19072 1.48629,
      -1.56527 -0.90371 1.28614,
      -0.64905 0.34511 1.54936,
      -1.42448 -0.30278 1.39841,
      -0.25592 0.26502 1.58733,
      -1.09228 0.1148 1.48629,
      -1.49842 -1.0107 1.28614,
      -0.67154 0.29899 1.54936,
      -1.39989 -0.40141 1.39841,
      -0.27379 0.24652 1.58733,
      -1.09763 0.03833 1.48629,
      -1.42427 -1.11276 1.28614,
      -0.69076 0.25142 1.54936,
      -1.36848 -0.49808 1.39841,
      -0.29032 0.22682 1.58733,
      -1.09763 -0.03833 1.48629,
      -1.34318 -1.2094 1.28614,
      -0.70662 0.20262 1.54936,
      -1.3304 -0.59233 1.39841,
      -0.30543 0.20602 1.58733,
      -1.09228 -0.1148 1.48629,
      -1.25554 -1.30015 1.28614,
      -0.71903 0.15283 1.54936,
      -1.28584 -0.68369 1.39841,
      -0.31906 0.18421 1.58733,
      -1.08161 -0.19072 1.48629,
      -1.16179 -1.38457 1.28614,
      -0.72794 0.10231 1.54936,
      -1.23501 -0.77172 1.39841,
      -0.33113 0.1615 1.58733,
      -1.06567 -0.2657 1.48629,
      -1.06238 -1.46224 1.28614,
      -0.7333 0.05128 1.54936,
      -1.17817 -0.85599 1.39841,
      -0.34159 0.13801 1.58733,
      -1.04454 -0.33939 1.48629,
      -0.95779 -1.53278 1.28614,
      -0.73509 -0.0 1.54936,
      -1.11559 -0.93609 1.39841,
      -0.35039 0.11385 1.58733,
      -1.01832 -0.41143 1.48629,
      -0.84853 -1.59586 1.28614,
      -0.7333 -0.05128 1.54936,
      -1.04758 -1.01163 1.39841,
      -0.35747 0.08913 1.58733,
      -0.98714 -0.48146 1.48629,
      -0.73515 -1.65116 1.28614,
      -0.72794 -0.10231 1.54936,
      -0.97446 -1.08224 1.39841,
      -0.36282 0.06398 1.58733,
      -0.95115 -0.54915 1.48629,
      -0.61818 -1.69842 1.28614,
      -0.71903 -0.15283 1.54936,
      -0.89659 -1.14758 1.39841,
      -0.3664 0.03851 1.58733,
      -0.91053 -0.61416 1.48629,
      -0.49819 -1.73741 1.28614,
      -0.70662 -0.20262 1.54936,
      -0.81435 -1.20733 1.39841,
      -0.36819 0.01286 1.58733,
      -0.86547 -0.67618 1.48629,
      -0.37578 -1.76793 1.28614,
      -0.69076 -0.25142 1.54936,
      -0.72815 -1.26119 1.39841,
      -0.36819 -0.01286 1.58733,
      -0.81619 -0.7349 1.48629,
      -0.25154 -1.78983 1.28614,
      -0.67154 -0.29899 1.54936,
      -0.6384 -1.30892 1.39841,
      -0.3664 -0.03851 1.58733,
      -0.76294 -0.79005 1.48629,
      -0.12608 -1.80302 1.28614,
      -0.64905 -0.34511 1.54936,
      -0.54554 -1.35026 1.39841,
      -0.36282 -0.06398 1.58733,
      -0.70597 -0.84134 1.48629,
      0.0 -1.80742 1.28614,
      -0.62339 -0.38954 1.54936,
      -0.45002 -1.38503 1.39841,
      -0.35747 -0.08913 1.58733,
      -0.64556 -0.88854 1.48629,
      0.12608 -1.80302 1.28614,
      -0.5947 -0.43208 1.54936,
      -0.35231 -1.41304 1.39841,
      -0.35039 -0.11385 1.58733,
      -0.58201 -0.93141 1.48629,
      0.25154 -1.78983 1.28614,
      -0.56311 -0.47251 1.54936,
      -0.25288 -1.43418 1.39841,
      -0.34159 -0.13801 1.58733,
      -0.51562 -0.96974 1.48629,
      0.37578 -1.76793 1.28614,
      -0.52878 -0.51064 1.54936,
      -0.15222 -1.44832 1.39841,
      -0.33113 -0.1615 1.58733,
      -0.44672 -1.00334 1.48629,
      0.49819 -1.73741 1.28614,
      -0.49187 -0.54628 1.54936,
      -0.05082 -1.45541 1.39841,
      -0.31906 -0.18421 1.58733,
      -0.37564 -1.03206 1.48629,
      0.61818 -1.69842 1.28614,
      -0.45257 -0.57926 1.54936,
      0.05082 -1.45541 1.39841,
      -0.30543 -0.20602 1.58733,
      -0.30273 -1.05575 1.48629,
      0.73515 -1.65116 1.28614,
      -0.41106 -0.60942 1.54936,
      0.15222 -1.44832 1.39841,
      -0.29032 -0.22682 1.58733,
      -0.22835 -1.07429 1.48629,
      0.84853 -1.59586 1.28614,
      -0.36755 -0.63661 1.54936,
      0.25288 -1.43418 1.39841,
      -0.27379 -0.24652 1.58733,
      -0.15285 -1.08761 1.48629,
      0.95779 -1.53278 1.28614,
      -0.32224 -0.6607 1.54936,
      0.35231 -1.41304 1.39841,
      -0.25592 -0.26502 1.58733,
      -0.07661 -1.09562 1.48629,
      1.06238 -1.46224 1.28614,
      -0.27537 -0.68157 1.54936,
      0.45002 -1.38503 1.39841,
      -0.23681 -0.28222 1.58733,
      0.0 -1.09829 1.48629,
      1.16179 -1.38457 1.28614,
      -0.22716 -0.69912 1.54936,
      0.54554 -1.35026 1.39841,
      -0.21655 -0.29806 1.58733,
      0.07661 -1.09562 1.48629,
      1.25554 -1.30015 1.28614,
      -0.17784 -0.71326 1.54936,
      0.6384 -1.30892 1.39841,
      -0.19523 -0.31244 1.58733,
      0.15285 -1.08761 1.48629,
      1.34318 -1.2094 1.28614,
      -0.12765 -0.72393 1.54936,
      0.72815 -1.26119 1.39841,
      -0.17296 -0.32529 1.58733,
      0.22835 -1.07429 1.48629,
      1.42427 -1.11276 1.28614,
      -0.07684 -0.73107 1.54936,
      0.81435 -1.20733 1.39841,
      -0.14985 -0.33657 1.58733,
      0.30273 -1.05575 1.48629,
      1.49842 -1.0107 1.28614,
      -0.02565 -0.73465 1.54936,
      0.89659 -1.14758 1.39841,
      -0.12601 -0.3462 1.58733,
      0.37564 -1.03206 1.48629,
      1.56527 -0.90371 1.28614,
      0.02565 -0.73465 1.54936,
      0.97446 -1.08224 1.39841,
      -0.10155 -0.35415 1.58733,
      0.44672 -1.00334 1.48629,
      1.6245 -0.79232 1.28614,
      0.07684 -0.73107 1.54936,
      1.04758 -1.01163 1.39841,
      -0.0766 -0.36037 1.58733,
      0.51562 -0.96974 1.48629,
      1.67581 -0.67707 1.28614,
      0.12765 -0.72393 1.54936,
      1.11559 -0.93609 1.39841,
      -0.05127 -0.36483 1.58733,
      0.58201 -0.93141 1.48629,
      1.71896 -0.55852 1.28614,
      0.17784 -0.71326 1.54936,
      1.17817 -0.85599 1.39841,
      -0.0257 -0.36752 1.58733,
      0.64556 -0.88854 1.48629,
      1.75374 -0.43726 1.28614,
      0.22716 -0.69912 1.54936,
      1.23501 -0.77172 1.39841,
      0.0 -0.36842 1.58733,
      0.70597 -0.84134 1.48629,
      1.77996 -0.31386 1.28614,
      0.27537 -0.68157 1.54936,
      1.28584 -0.68369 1.39841,
      0.0257 -0.36752 1.58733,
      0.76294 -0.79005 1.48629,
      1.79752 -0.18893 1.28614,
      0.32224 -0.6607 1.54936,
      1.3304 -0.59233 1.39841,
      0.05127 -0.36483 1.58733,
      0.81619 -0.7349 1.48629,
      0.36755 -0.63661 1.54936,
      1.36848 -0.49808 1.39841,
      0.0766 -0.36037 1.58733,
      0.86547 -0.67618 1.48629,
      0.41106 -0.60942 1.54936,
      1.39989 -0.40141 1.39841,
      0.10155 -0.35415 1.58733,
      0.91053 -0.61416 1.48629,
      0.45257 -0.57926 1.54936,
      1.42448 -0.30278 1.39841,
      0.12601 -0.3462 1.58733,
      0.95115 -0.54915 1.48629,
      0.49187 -0.54628 1.54936,
      1.44213 -0.20268 1.39841,
      0.14985 -0.33657 1.58733,
      0.98714 -0.48146 1.48629,
      0.52878 -0.51064 1.54936,
      1.45275 -0.10159 1.39841,
      0.17296 -0.32529 1.58733,
      1.01832 -0.41143 1.48629,
      0.56311 -0.47251 1.54936,
      0.19523 -0.31244 1.58733,
      1.04454 -0.33939 1.48629,
      0.5947 -0.43208 1.54936,
      0.21655 -0.29806 1.58733,
      1.06567 -0.2657 1.48629,
      0.62339 -0.38954 1.54936,
      0.23681 -0.28222 1.58733,
      1.08161 -0.19072 1.48629,
      0.64905 -0.34511 1.54936,
      0.25592 -0.26502 1.58733,
      1.09228 -0.1148 1.48629,
      0.67154 -0.29899 1.54936,
      0.27379 -0.24652 1.58733,
      0.69076 -0.25142 1.54936,
      0.29032 -0.22682 1.58733,
      0.70662 -0.20262 1.54936,
      0.30543 -0.20602 1.58733,
      0.71903 -0.15283 1.54936,
      0.31906 -0.18421 1.58733,
      0.72794 -0.10231 1.54936,
      0.33113 -0.1615 1.58733,
      0.7333 -0.05128 1.54936,
      0.34159 -0.13801 1.58733,
      0.35039 -0.11385 1.58733,
      0.35747 -0.08913 1.58733,
      0.36282 -0.06398 1.58733,
      0.3664 -0.03851 1.58733
    ] }
    coordIndex [
      0 1 2 -1,
      0 3 1 -1,
      4 5 6 -1,
      4 2 5 -1,
      4 6 7 -1,
      4 7 8 -1,
      4 8 9 -1,
      4 0 2 -1,
      10 11 12 -1,
      10 13 11 -1,
      10 12 14 -1,
      15 16 17 -1,
      18 3 0 -1,
      18 14 3 -1,
      19 0 4 -1,
      19 18 0 -1,
      19 4 9 -1,
      19 9 20 -1,
      19 20 21 -1,
      22 23 13 -1,
      22 24 23 -1,
      22 13 10 -1,
      25 10 14 -1,
      25 14 18 -1,
      25 22 10 -1,
      26 18 19 -1,
      26 19 21 -1,
      26 21 27 -1,
      26 27 28 -1,
      29 24 22 -1,
      29 30 24 -1,
      29 31 30 -1,
      32 33 34 -1,
      35 22 25 -1,
      36 18 26 -1,
      36 25 18 -1,
      36 26 28 -1,
      36 28 37 -1,
      36 37 38 -1,
      39 31 29 -1,
      39 40 31 -1,
      39 41 40 -1,
      42 22 35 -1,
      42 29 22 -1,
      42 39 29 -1,
      43 35 25 -1,
      43 25 36 -1,
      43 38 44 -1,
      43 44 45 -1,
      43 36 38 -1,
      46 41 39 -1,
      46 47 41 -1,
      46 48 47 -1,
      49 39 42 -1,
      50 43 45 -1,
      50 35 43 -1,
      50 42 35 -1,
      50 45 51 -1,
      50 51 52 -1,
      53 48 46 -1,
      53 54 48 -1,
      53 55 54 -1,
      56 39 49 -1,
      56 46 39 -1,
      57 56 49 -1,
      57 50 52 -1,
      57 42 50 -1,
      57 52 58 -1,
      57 58 59 -1,
      57 49 42 -1,
      60 61 55 -1,
      60 62 61 -1,
      60 55 53 -1,
      63 46 56 -1,
      63 53 46 -1,
      64 56 57 -1,
      64 57 59 -1,
      64 59 65 -1,
      64 65 66 -1,
      67 68 62 -1,
      67 69 68 -1,
      67 62 60 -1,
      70 53 63 -1,
      70 60 53 -1,
      71 66 72 -1,
      71 72 73 -1,
      71 64 66 -1,
      71 56 64 -1,
      71 63 56 -1,
      74 69 67 -1,
      74 75 69 -1,
      74 76 75 -1,
      77 67 60 -1,
      77 60 70 -1,
      78 73 79 -1,
      78 79 80 -1,
      78 70 63 -1,
      78 63 71 -1,
      78 71 73 -1,
      81 76 74 -1,
      81 82 76 -1,
      81 83 82 -1,
      84 81 74 -1,
      84 67 77 -1,
      84 74 67 -1,
      85 80 86 -1,
      85 86 87 -1,
      85 77 70 -1,
      85 70 78 -1,
      85 78 80 -1,
      88 83 81 -1,
      88 89 83 -1,
      88 90 89 -1,
      91 81 84 -1,
      92 87 93 -1,
      92 93 94 -1,
      92 85 87 -1,
      92 84 77 -1,
      92 77 85 -1,
      95 90 88 -1,
      95 96 90 -1,
      95 97 96 -1,
      98 88 81 -1,
      98 81 91 -1,
      99 94 100 -1,
      99 100 101 -1,
      99 92 94 -1,
      99 91 84 -1,
      99 84 92 -1,
      99 98 91 -1,
      102 97 95 -1,
      102 103 97 -1,
      102 104 103 -1,
      105 102 95 -1,
      105 88 98 -1,
      105 95 88 -1,
      106 101 107 -1,
      106 107 108 -1,
      106 98 99 -1,
      106 99 101 -1,
      109 104 102 -1,
      109 110 104 -1,
      109 111 110 -1,
      112 102 105 -1,
      113 108 114 -1,
      113 114 115 -1,
      113 106 108 -1,
      113 105 98 -1,
      113 98 106 -1,
      116 111 109 -1,
      116 117 111 -1,
      116 118 117 -1,
      119 109 102 -1,
      119 102 112 -1,
      120 115 121 -1,
      120 113 115 -1,
      120 121 122 -1,
      120 112 105 -1,
      120 105 113 -1,
      123 118 116 -1,
      123 124 118 -1,
      123 125 124 -1,
      126 116 109 -1,
      126 109 119 -1,
      127 119 112 -1,
      127 122 128 -1,
      127 128 129 -1,
      127 112 120 -1,
      127 120 122 -1,
      130 125 123 -1,
      130 131 125 -1,
      130 132 131 -1,
      133 116 126 -1,
      133 123 116 -1,
      134 127 129 -1,
      134 129 135 -1,
      134 135 136 -1,
      134 133 126 -1,
      134 126 119 -1,
      134 119 127 -1,
      137 132 130 -1,
      137 138 132 -1,
      137 139 138 -1,
      140 123 133 -1,
      140 130 123 -1,
      141 136 142 -1,
      141 142 143 -1,
      141 133 134 -1,
      141 134 136 -1,
      144 139 137 -1,
      144 145 139 -1,
      144 146 145 -1,
      147 137 130 -1,
      147 130 140 -1,
      148 140 133 -1,
      148 133 141 -1,
      148 143 149 -1,
      148 149 150 -1,
      148 141 143 -1,
      151 152 153 -1,
      151 146 144 -1,
      151 153 146 -1,
      154 137 147 -1,
      154 144 137 -1,
      155 148 150 -1,
      155 150 156 -1,
      155 147 140 -1,
      155 156 157 -1,
      155 140 148 -1,
      158 159 152 -1,
      158 160 159 -1,
      158 152 151 -1,
      161 151 144 -1,
      161 144 154 -1,
      162 157 163 -1,
      162 163 164 -1,
      162 155 157 -1,
      162 147 155 -1,
      162 161 154 -1,
      162 154 147 -1,
      165 166 160 -1,
      165 167 166 -1,
      165 160 158 -1,
      168 158 151 -1,
      168 151 161 -1,
      169 164 170 -1,
      169 170 171 -1,
      169 161 162 -1,
      169 162 164 -1,
      172 173 167 -1,
      172 174 173 -1,
      172 167 165 -1,
      175 165 158 -1,
      175 158 168 -1,
      175 172 165 -1,
      176 169 171 -1,
      176 171 177 -1,
      176 177 178 -1,
      176 168 161 -1,
      176 161 169 -1,
      179 180 174 -1,
      179 181 180 -1,
      179 174 172 -1,
      182 172 175 -1,
      183 178 184 -1,
      183 184 185 -1,
      183 176 178 -1,
      183 175 168 -1,
      183 168 176 -1,
      183 182 175 -1,
      186 187 181 -1,
      186 188 187 -1,
      186 181 179 -1,
      189 179 172 -1,
      189 172 182 -1,
      190 182 183 -1,
      190 185 191 -1,
      190 191 192 -1,
      190 183 185 -1,
      190 189 182 -1,
      193 194 188 -1,
      193 195 194 -1,
      193 188 186 -1,
      196 186 179 -1,
      196 179 189 -1,
      197 192 198 -1,
      197 198 199 -1,
      197 190 192 -1,
      197 189 190 -1,
      200 201 195 -1,
      200 202 201 -1,
      200 195 193 -1,
      203 200 193 -1,
      203 193 186 -1,
      203 186 196 -1,
      204 189 197 -1,
      204 199 205 -1,
      204 205 206 -1,
      204 197 199 -1,
      204 196 189 -1,
      207 208 202 -1,
      207 209 208 -1,
      207 202 200 -1,
      210 200 203 -1,
      211 203 196 -1,
      211 196 204 -1,
      211 204 206 -1,
      211 206 212 -1,
      211 212 213 -1,
      214 215 209 -1,
      214 216 215 -1,
      214 209 207 -1,
      217 200 210 -1,
      217 207 200 -1,
      218 211 213 -1,
      218 213 219 -1,
      218 219 220 -1,
      218 217 210 -1,
      218 203 211 -1,
      218 210 203 -1,
      221 222 216 -1,
      221 223 222 -1,
      221 216 214 -1,
      224 214 207 -1,
      224 221 214 -1,
      224 207 217 -1,
      225 218 220 -1,
      225 217 218 -1,
      225 220 226 -1,
      225 226 227 -1,
      228 229 223 -1,
      228 230 229 -1,
      228 223 221 -1,
      231 221 224 -1,
      231 228 221 -1,
      232 217 225 -1,
      232 231 224 -1,
      232 224 217 -1,
      232 225 227 -1,
      232 227 233 -1,
      232 233 234 -1,
      235 15 236 -1,
      235 237 230 -1,
      235 236 237 -1,
      235 238 15 -1,
      235 230 228 -1,
      239 228 231 -1,
      240 231 232 -1,
      240 232 234 -1,
      240 234 241 -1,
      240 241 242 -1,
      243 228 239 -1,
      243 238 235 -1,
      243 235 228 -1,
      244 239 231 -1,
      244 231 240 -1,
      244 242 245 -1,
      244 245 246 -1,
      244 240 242 -1,
      247 33 238 -1,
      247 243 239 -1,
      247 238 243 -1,
      247 246 248 -1,
      247 248 249 -1,
      247 239 244 -1,
      247 244 246 -1,
      247 249 33 -1,
      15 17 236 -1,
      34 33 249 -1,
      250 251 16 -1,
      250 252 251 -1,
      250 16 15 -1,
      253 254 252 -1,
      253 255 254 -1,
      253 252 250 -1,
      256 15 238 -1,
      256 250 15 -1,
      257 258 255 -1,
      257 259 258 -1,
      257 255 253 -1,
      260 253 250 -1,
      260 250 256 -1,
      261 32 262 -1,
      261 262 263 -1,
      261 238 33 -1,
      261 256 238 -1,
      261 33 32 -1,
      264 265 259 -1,
      264 266 265 -1,
      264 259 257 -1,
      267 257 253 -1,
      267 253 260 -1,
      268 260 256 -1,
      268 256 261 -1,
      268 261 263 -1,
      268 263 269 -1,
      268 269 270 -1,
      271 272 266 -1,
      271 273 272 -1,
      271 266 264 -1,
      274 257 267 -1,
      274 264 257 -1,
      275 267 260 -1,
      275 270 276 -1,
      275 276 277 -1,
      275 260 268 -1,
      275 268 270 -1,
      278 279 273 -1,
      278 280 279 -1,
      278 273 271 -1,
      281 271 264 -1,
      281 264 274 -1,
      282 275 277 -1,
      282 274 267 -1,
      282 277 283 -1,
      282 283 284 -1,
      282 267 275 -1,
      285 286 280 -1,
      285 287 286 -1,
      285 280 278 -1,
      288 278 271 -1,
      288 271 281 -1,
      289 281 274 -1,
      289 284 290 -1,
      289 290 291 -1,
      289 274 282 -1,
      289 282 284 -1,
      292 293 287 -1,
      292 294 293 -1,
      292 287 285 -1,
      295 285 278 -1,
      295 278 288 -1,
      296 288 281 -1,
      296 291 297 -1,
      296 297 298 -1,
      296 281 289 -1,
      296 289 291 -1,
      299 294 292 -1,
      299 300 294 -1,
      299 301 300 -1,
      302 292 285 -1,
      302 285 295 -1,
      303 288 296 -1,
      303 296 298 -1,
      303 298 304 -1,
      303 304 305 -1,
      303 295 288 -1,
      306 307 301 -1,
      306 308 307 -1,
      306 301 299 -1,
      309 299 292 -1,
      309 292 302 -1,
      310 303 305 -1,
      310 305 311 -1,
      310 311 312 -1,
      310 295 303 -1,
      310 302 295 -1,
      313 314 308 -1,
      313 315 314 -1,
      313 308 306 -1,
      316 313 306 -1,
      316 306 299 -1,
      316 299 309 -1,
      317 302 310 -1,
      317 309 302 -1,
      317 310 312 -1,
      317 312 318 -1,
      317 318 319 -1,
      320 321 315 -1,
      320 322 321 -1,
      320 315 313 -1,
      323 313 316 -1,
      324 317 319 -1,
      324 319 325 -1,
      324 325 326 -1,
      324 309 317 -1,
      324 316 309 -1,
      327 328 322 -1,
      327 329 328 -1,
      327 322 320 -1,
      330 313 323 -1,
      330 320 313 -1,
      331 323 316 -1,
      331 324 326 -1,
      331 326 332 -1,
      331 332 333 -1,
      331 316 324 -1,
      334 335 329 -1,
      334 336 335 -1,
      334 329 327 -1,
      337 320 330 -1,
      337 327 320 -1,
      338 331 333 -1,
      338 330 323 -1,
      338 333 339 -1,
      338 323 331 -1,
      338 339 340 -1,
      341 336 334 -1,
      341 342 336 -1,
      341 343 342 -1,
      344 334 327 -1,
      344 341 334 -1,
      344 327 337 -1,
      345 338 340 -1,
      345 337 330 -1,
      345 330 338 -1,
      345 340 346 -1,
      345 346 347 -1,
      348 343 341 -1,
      348 349 343 -1,
      348 350 349 -1,
      351 341 344 -1,
      352 344 337 -1,
      352 347 353 -1,
      352 353 354 -1,
      352 345 347 -1,
      352 337 345 -1,
      355 356 350 -1,
      355 357 356 -1,
      355 350 348 -1,
      358 341 351 -1,
      358 348 341 -1,
      359 351 344 -1,
      359 354 360 -1,
      359 360 361 -1,
      359 352 354 -1,
      359 344 352 -1,
      362 363 357 -1,
      362 364 363 -1,
      362 357 355 -1,
      365 355 348 -1,
      365 348 358 -1,
      366 351 359 -1,
      366 359 361 -1,
      366 361 367 -1,
      366 367 368 -1,
      366 358 351 -1,
      369 370 364 -1,
      369 371 370 -1,
      369 364 362 -1,
      372 362 355 -1,
      372 355 365 -1,
      372 369 362 -1,
      373 366 368 -1,
      373 358 366 -1,
      373 368 374 -1,
      373 374 375 -1,
      373 365 358 -1,
      376 371 369 -1,
      376 377 371 -1,
      376 378 377 -1,
      379 369 372 -1,
      380 372 365 -1,
      380 365 373 -1,
      380 375 381 -1,
      380 381 382 -1,
      380 373 375 -1,
      383 384 378 -1,
      383 385 384 -1,
      383 378 376 -1,
      386 369 379 -1,
      386 376 369 -1,
      387 380 382 -1,
      387 379 372 -1,
      387 382 388 -1,
      387 388 389 -1,
      387 372 380 -1,
      387 386 379 -1,
      390 391 385 -1,
      390 392 391 -1,
      390 385 383 -1,
      393 383 376 -1,
      393 376 386 -1,
      394 387 389 -1,
      394 386 387 -1,
      394 389 395 -1,
      394 395 396 -1,
      397 392 390 -1,
      397 398 392 -1,
      397 399 398 -1,
      400 390 383 -1,
      400 383 393 -1,
      400 397 390 -1,
      401 400 393 -1,
      401 393 386 -1,
      401 394 396 -1,
      401 396 402 -1,
      401 402 403 -1,
      401 386 394 -1,
      404 405 399 -1,
      404 406 405 -1,
      404 399 397 -1,
      407 397 400 -1,
      408 407 400 -1,
      408 401 403 -1,
      408 400 401 -1,
      408 403 409 -1,
      408 409 410 -1,
      411 412 406 -1,
      411 413 412 -1,
      411 406 404 -1,
      414 397 407 -1,
      414 404 397 -1,
      415 407 408 -1,
      415 410 416 -1,
      415 416 417 -1,
      415 408 410 -1,
      418 419 413 -1,
      418 420 419 -1,
      418 413 411 -1,
      421 411 404 -1,
      421 404 414 -1,
      422 407 415 -1,
      422 421 414 -1,
      422 414 407 -1,
      422 415 417 -1,
      422 417 423 -1,
      422 423 424 -1,
      425 420 418 -1,
      425 426 420 -1,
      425 427 426 -1,
      428 425 418 -1,
      428 418 411 -1,
      428 411 421 -1,
      429 421 422 -1,
      429 422 424 -1,
      429 424 430 -1,
      429 430 431 -1,
      1 432 427 -1,
      1 433 432 -1,
      1 427 425 -1,
      5 425 428 -1,
      434 421 429 -1,
      434 5 428 -1,
      434 428 421 -1,
      434 431 435 -1,
      434 435 436 -1,
      434 429 431 -1,
      3 433 1 -1,
      3 437 433 -1,
      3 438 437 -1,
      2 425 5 -1,
      2 1 425 -1,
      6 5 434 -1,
      6 434 436 -1,
      6 436 439 -1,
      6 439 7 -1,
      14 438 3 -1,
      14 440 438 -1,
      14 12 440 -1,
      441 76 442 -1,
      441 75 76 -1,
      443 442 76 -1,
      443 76 82 -1,
      444 75 441 -1,
      444 68 69 -1,
      444 69 75 -1,
      445 443 82 -1,
      445 82 83 -1,
      446 68 444 -1,
      447 445 83 -1,
      447 83 89 -1,
      448 62 68 -1,
      448 68 446 -1,
      449 89 90 -1,
      449 447 89 -1,
      450 61 62 -1,
      450 62 448 -1,
      55 61 450 -1,
      451 90 96 -1,
      451 449 90 -1,
      452 55 450 -1,
      453 96 97 -1,
      453 451 96 -1,
      454 55 452 -1,
      454 54 55 -1,
      455 453 97 -1,
      455 97 103 -1,
      456 54 454 -1,
      456 48 54 -1,
      457 103 104 -1,
      457 455 103 -1,
      458 48 456 -1,
      458 47 48 -1,
      459 457 104 -1,
      459 104 110 -1,
      41 47 458 -1,
      460 41 458 -1,
      461 459 110 -1,
      461 110 111 -1,
      462 41 460 -1,
      462 40 41 -1,
      117 461 111 -1,
      463 461 117 -1,
      464 40 462 -1,
      464 31 40 -1,
      118 463 117 -1,
      465 463 118 -1,
      466 31 464 -1,
      466 30 31 -1,
      467 465 118 -1,
      467 118 124 -1,
      468 30 466 -1,
      468 24 30 -1,
      469 467 124 -1,
      469 124 125 -1,
      470 23 24 -1,
      470 24 468 -1,
      471 469 125 -1,
      471 125 131 -1,
      472 13 23 -1,
      472 23 470 -1,
      473 471 131 -1,
      473 131 132 -1,
      474 13 472 -1,
      474 11 13 -1,
      475 473 132 -1,
      475 132 138 -1,
      12 11 474 -1,
      476 12 474 -1,
      139 475 138 -1,
      477 475 139 -1,
      478 440 12 -1,
      478 12 476 -1,
      145 477 139 -1,
      479 477 145 -1,
      480 438 440 -1,
      480 440 478 -1,
      146 479 145 -1,
      481 479 146 -1,
      437 438 480 -1,
      482 437 480 -1,
      483 481 146 -1,
      483 146 153 -1,
      484 437 482 -1,
      484 433 437 -1,
      485 153 152 -1,
      485 483 153 -1,
      486 433 484 -1,
      486 432 433 -1,
      159 485 152 -1,
      487 485 159 -1,
      488 432 486 -1,
      488 427 432 -1,
      160 487 159 -1,
      489 487 160 -1,
      490 427 488 -1,
      490 426 427 -1,
      491 160 166 -1,
      491 489 160 -1,
      420 426 490 -1,
      492 420 490 -1,
      493 166 167 -1,
      493 491 166 -1,
      494 419 420 -1,
      494 420 492 -1,
      173 493 167 -1,
      495 493 173 -1,
      496 419 494 -1,
      496 413 419 -1,
      174 495 173 -1,
      497 495 174 -1,
      498 412 413 -1,
      498 413 496 -1,
      499 174 180 -1,
      499 497 174 -1,
      500 406 412 -1,
      500 412 498 -1,
      181 499 180 -1,
      501 499 181 -1,
      502 405 406 -1,
      502 406 500 -1,
      503 181 187 -1,
      503 501 181 -1,
      399 502 504 -1,
      399 405 502 -1,
      188 505 503 -1,
      188 503 187 -1,
      398 399 504 -1,
      398 504 506 -1,
      194 507 505 -1,
      194 505 188 -1,
      392 398 506 -1,
      392 506 508 -1,
      509 507 194 -1,
      195 509 194 -1,
      510 392 508 -1,
      391 392 510 -1,
      511 509 195 -1,
      201 511 195 -1,
      385 391 510 -1,
      385 510 512 -1,
      202 511 201 -1,
      202 513 511 -1,
      384 385 512 -1,
      384 512 514 -1,
      515 513 202 -1,
      208 515 202 -1,
      378 384 514 -1,
      378 514 516 -1,
      209 517 515 -1,
      209 515 208 -1,
      377 378 516 -1,
      377 516 518 -1,
      215 519 517 -1,
      215 517 209 -1,
      520 377 518 -1,
      371 377 520 -1,
      521 519 215 -1,
      216 521 215 -1,
      370 520 522 -1,
      370 371 520 -1,
      222 523 521 -1,
      222 521 216 -1,
      364 522 524 -1,
      364 370 522 -1,
      223 525 523 -1,
      223 523 222 -1,
      526 364 524 -1,
      363 364 526 -1,
      229 527 525 -1,
      229 525 223 -1,
      357 526 528 -1,
      357 363 526 -1,
      230 529 527 -1,
      230 527 229 -1,
      356 357 528 -1,
      356 528 530 -1,
      531 529 230 -1,
      237 531 230 -1,
      532 356 530 -1,
      350 356 532 -1,
      533 531 237 -1,
      236 533 237 -1,
      349 532 534 -1,
      349 350 532 -1,
      17 533 236 -1,
      17 535 533 -1,
      343 349 534 -1,
      343 534 536 -1,
      537 535 17 -1,
      16 537 17 -1,
      538 343 536 -1,
      342 343 538 -1,
      539 537 16 -1,
      251 539 16 -1,
      336 342 538 -1,
      336 538 540 -1,
      541 539 251 -1,
      252 541 251 -1,
      335 336 540 -1,
      335 540 542 -1,
      254 543 541 -1,
      254 541 252 -1,
      329 335 542 -1,
      329 542 544 -1,
      255 545 543 -1,
      255 543 254 -1,
      328 544 546 -1,
      328 329 544 -1,
      258 547 545 -1,
      258 545 255 -1,
      322 546 548 -1,
      322 328 546 -1,
      549 322 548 -1,
      259 550 547 -1,
      259 547 258 -1,
      321 322 549 -1,
      265 551 550 -1,
      265 550 259 -1,
      552 551 265 -1,
      315 549 553 -1,
      315 321 549 -1,
      266 552 265 -1,
      314 553 554 -1,
      314 315 553 -1,
      555 314 554 -1,
      272 552 266 -1,
      272 556 552 -1,
      308 314 555 -1,
      273 557 556 -1,
      273 556 272 -1,
      307 308 555 -1,
      307 558 559 -1,
      307 555 558 -1,
      279 557 273 -1,
      279 560 557 -1,
      279 561 560 -1,
      301 307 559 -1,
      280 561 279 -1,
      280 562 561 -1,
      300 563 564 -1,
      300 559 563 -1,
      300 301 559 -1,
      286 565 562 -1,
      286 562 280 -1,
      294 300 564 -1,
      294 564 566 -1,
      287 566 565 -1,
      287 565 286 -1,
      293 294 566 -1,
      293 566 287 -1,
      108 107 101 -1,
      115 108 101 -1,
      115 114 108 -1,
      59 66 65 -1,
      129 122 121 -1,
      129 128 122 -1,
      58 66 59 -1,
      58 72 66 -1,
      58 73 72 -1,
      142 136 135 -1,
      45 52 51 -1,
      143 142 135 -1,
      163 157 156 -1,
      20 27 21 -1,
      20 28 27 -1,
      20 37 28 -1,
      170 163 156 -1,
      170 164 163 -1,
      171 170 156 -1,
      8 20 9 -1,
      7 20 8 -1,
      185 177 171 -1,
      185 178 177 -1,
      185 184 178 -1,
      185 171 156 -1,
      185 156 150 -1,
      198 191 185 -1,
      198 192 191 -1,
      424 431 430 -1,
      424 435 431 -1,
      424 436 435 -1,
      199 198 185 -1,
      417 424 423 -1,
      206 205 199 -1,
      206 185 150 -1,
      206 143 135 -1,
      206 135 129 -1,
      206 199 185 -1,
      206 149 143 -1,
      206 150 149 -1,
      213 212 206 -1,
      213 206 129 -1,
      213 115 101 -1,
      213 129 121 -1,
      213 87 86 -1,
      213 93 87 -1,
      213 94 93 -1,
      213 100 94 -1,
      213 101 100 -1,
      213 121 115 -1,
      409 424 417 -1,
      409 416 410 -1,
      409 417 416 -1,
      409 439 436 -1,
      409 7 439 -1,
      409 20 7 -1,
      409 436 424 -1,
      220 219 213 -1,
      396 403 402 -1,
      389 396 395 -1,
      389 403 396 -1,
      234 226 220 -1,
      234 227 226 -1,
      234 233 227 -1,
      234 220 213 -1,
      241 234 213 -1,
      382 403 389 -1,
      382 389 388 -1,
      382 409 403 -1,
      245 242 241 -1,
      245 241 213 -1,
      368 375 374 -1,
      368 381 375 -1,
      368 382 381 -1,
      249 248 246 -1,
      367 382 368 -1,
      34 246 245 -1,
      34 249 246 -1,
      360 367 361 -1,
      262 32 34 -1,
      354 367 360 -1,
      263 34 245 -1,
      263 262 34 -1,
      263 245 213 -1,
      353 367 354 -1,
      270 269 263 -1,
      270 213 86 -1,
      270 73 58 -1,
      270 44 38 -1,
      270 45 44 -1,
      270 52 45 -1,
      270 58 52 -1,
      270 79 73 -1,
      270 80 79 -1,
      270 86 80 -1,
      270 263 213 -1,
      346 353 347 -1,
      340 353 346 -1,
      277 276 270 -1,
      283 277 270 -1,
      284 283 270 -1,
      332 339 333 -1,
      326 340 339 -1,
      326 339 332 -1,
      291 290 284 -1,
      325 340 326 -1,
      298 297 291 -1,
      298 291 284 -1,
      318 325 319 -1,
      318 367 353 -1,
      318 353 340 -1,
      318 340 325 -1,
      304 298 284 -1,
      305 284 270 -1,
      305 304 284 -1,
      311 318 312 -1,
      311 270 38 -1,
      311 37 20 -1,
      311 409 382 -1,
      311 367 318 -1,
      311 38 37 -1,
      311 20 409 -1,
      311 305 270 -1,
      311 382 367 -1,
      567 535 537 -1,
      567 537 539 -1,
      567 539 541 -1,
      567 529 531 -1,
      567 531 533 -1,
      567 533 535 -1,
      568 569 567 -1,
      570 569 568 -1,
      570 568 567 -1,
      571 541 543 -1,
      571 567 541 -1,
      571 570 567 -1,
      571 569 570 -1,
      572 543 545 -1,
      572 545 547 -1,
      572 571 543 -1,
      573 547 550 -1,
      573 572 547 -1,
      574 550 551 -1,
      574 573 550 -1,
      575 576 569 -1,
      575 577 576 -1,
      578 574 551 -1,
      578 551 552 -1,
      578 552 556 -1,
      579 575 569 -1,
      579 577 575 -1,
      579 569 571 -1,
      580 556 557 -1,
      580 578 556 -1,
      581 579 571 -1,
      581 571 572 -1,
      582 557 560 -1,
      582 560 561 -1,
      582 580 557 -1,
      583 572 573 -1,
      583 581 572 -1,
      584 582 561 -1,
      584 561 562 -1,
      585 573 574 -1,
      585 583 573 -1,
      586 562 565 -1,
      586 584 562 -1,
      587 585 574 -1,
      587 574 578 -1,
      588 589 577 -1,
      590 586 565 -1,
      590 565 566 -1,
      590 566 564 -1,
      591 578 580 -1,
      591 587 578 -1,
      592 577 579 -1,
      592 579 581 -1,
      592 589 588 -1,
      592 588 577 -1,
      593 590 564 -1,
      593 564 563 -1,
      594 580 582 -1,
      594 591 580 -1,
      595 581 583 -1,
      595 592 581 -1,
      596 593 563 -1,
      596 563 559 -1,
      596 559 558 -1,
      597 582 584 -1,
      597 594 582 -1,
      598 583 585 -1,
      598 595 583 -1,
      599 596 558 -1,
      599 558 555 -1,
      600 597 584 -1,
      600 584 586 -1,
      601 598 585 -1,
      601 585 587 -1,
      602 599 555 -1,
      602 555 554 -1,
      603 604 589 -1,
      603 605 604 -1,
      606 586 590 -1,
      606 600 586 -1,
      607 587 591 -1,
      607 601 587 -1,
      608 554 553 -1,
      608 602 554 -1,
      608 553 549 -1,
      609 605 603 -1,
      609 603 589 -1,
      609 589 592 -1,
      610 590 593 -1,
      610 606 590 -1,
      611 607 591 -1,
      611 591 594 -1,
      612 549 548 -1,
      612 608 549 -1,
      613 592 595 -1,
      613 609 592 -1,
      614 593 596 -1,
      614 610 593 -1,
      615 594 597 -1,
      615 611 594 -1,
      616 612 548 -1,
      616 548 546 -1,
      616 546 544 -1,
      617 595 598 -1,
      617 613 595 -1,
      618 596 599 -1,
      618 614 596 -1,
      619 615 597 -1,
      619 597 600 -1,
      620 616 544 -1,
      620 544 542 -1,
      621 598 601 -1,
      621 617 598 -1,
      622 599 602 -1,
      622 618 599 -1,
      623 600 606 -1,
      623 619 600 -1,
      624 542 540 -1,
      624 620 542 -1,
      625 621 601 -1,
      625 601 607 -1,
      626 602 608 -1,
      626 622 602 -1,
      627 628 605 -1,
      629 606 610 -1,
      629 623 606 -1,
      630 540 538 -1,
      630 538 536 -1,
      630 624 540 -1,
      631 625 607 -1,
      631 607 611 -1,
      632 626 608 -1,
      632 608 612 -1,
      633 628 627 -1,
      633 634 628 -1,
      633 605 609 -1,
      633 627 605 -1,
      633 609 613 -1,
      635 610 614 -1,
      635 629 610 -1,
      636 630 536 -1,
      636 536 534 -1,
      637 611 615 -1,
      637 631 611 -1,
      638 632 612 -1,
      638 612 616 -1,
      639 633 613 -1,
      639 634 633 -1,
      639 613 617 -1,
      640 635 614 -1,
      640 614 618 -1,
      641 636 534 -1,
      641 534 532 -1,
      641 532 530 -1,
      642 637 615 -1,
      642 615 619 -1,
      643 638 616 -1,
      643 616 620 -1,
      644 617 621 -1,
      644 634 639 -1,
      644 639 617 -1,
      645 640 618 -1,
      645 618 622 -1,
      646 530 528 -1,
      646 641 530 -1,
      647 619 623 -1,
      647 642 619 -1,
      648 643 620 -1,
      648 620 624 -1,
      649 621 625 -1,
      649 634 644 -1,
      649 644 621 -1,
      650 622 626 -1,
      650 645 622 -1,
      651 528 526 -1,
      651 646 528 -1,
      652 623 629 -1,
      652 647 623 -1,
      653 624 630 -1,
      653 648 624 -1,
      654 625 631 -1,
      654 649 625 -1,
      654 634 649 -1,
      655 650 626 -1,
      655 626 632 -1,
      656 526 524 -1,
      656 524 522 -1,
      656 651 526 -1,
      657 629 635 -1,
      657 652 629 -1,
      658 653 630 -1,
      658 630 636 -1,
      659 654 631 -1,
      659 631 637 -1,
      659 634 654 -1,
      660 632 638 -1,
      660 655 632 -1,
      661 656 522 -1,
      661 522 520 -1,
      662 657 635 -1,
      662 635 640 -1,
      663 636 641 -1,
      663 658 636 -1,
      664 634 659 -1,
      664 659 637 -1,
      664 637 642 -1,
      665 660 638 -1,
      665 638 643 -1,
      666 661 520 -1,
      666 520 518 -1,
      666 518 516 -1,
      667 662 640 -1,
      667 640 645 -1,
      668 663 641 -1,
      668 641 646 -1,
      669 634 664 -1,
      669 664 642 -1,
      669 642 647 -1,
      670 643 648 -1,
      670 665 643 -1,
      671 516 514 -1,
      671 666 516 -1,
      672 645 650 -1,
      672 667 645 -1,
      673 668 646 -1,
      673 646 651 -1,
      674 647 652 -1,
      674 634 669 -1,
      674 669 647 -1,
      675 670 648 -1,
      675 648 653 -1,
      676 671 514 -1,
      676 514 512 -1,
      677 672 650 -1,
      677 650 655 -1,
      678 651 656 -1,
      678 673 651 -1,
      679 634 674 -1,
      679 674 652 -1,
      679 652 657 -1,
      680 653 658 -1,
      680 675 653 -1,
      681 512 510 -1,
      681 510 508 -1,
      681 676 512 -1,
      682 677 655 -1,
      682 655 660 -1,
      683 656 661 -1,
      683 678 656 -1,
      684 657 662 -1,
      684 634 679 -1,
      684 679 657 -1,
      685 680 658 -1,
      685 658 663 -1,
      686 681 508 -1,
      686 508 506 -1,
      687 660 665 -1,
      687 682 660 -1,
      688 661 666 -1,
      688 683 661 -1,
      689 684 662 -1,
      689 662 667 -1,
      689 634 684 -1,
      690 663 668 -1,
      690 685 663 -1,
      691 506 504 -1,
      691 504 502 -1,
      691 686 506 -1,
      692 665 670 -1,
      692 687 665 -1,
      693 688 666 -1,
      693 666 671 -1,
      694 689 667 -1,
      694 667 672 -1,
      694 634 689 -1,
      695 668 673 -1,
      695 690 668 -1,
      696 691 502 -1,
      696 502 500 -1,
      697 692 670 -1,
      697 670 675 -1,
      698 693 671 -1,
      698 671 676 -1,
      699 694 672 -1,
      699 634 694 -1,
      699 672 677 -1,
      700 673 678 -1,
      700 695 673 -1,
      701 500 498 -1,
      701 696 500 -1,
      702 697 675 -1,
      702 675 680 -1,
      703 698 676 -1,
      703 676 681 -1,
      704 677 682 -1,
      704 634 699 -1,
      704 699 677 -1,
      705 700 678 -1,
      705 678 683 -1,
      706 498 496 -1,
      706 496 494 -1,
      706 701 498 -1,
      707 680 685 -1,
      707 702 680 -1,
      708 681 686 -1,
      708 703 681 -1,
      709 682 687 -1,
      709 704 682 -1,
      709 634 704 -1,
      710 683 688 -1,
      710 705 683 -1,
      711 706 494 -1,
      711 494 492 -1,
      712 685 690 -1,
      712 707 685 -1,
      713 708 686 -1,
      713 686 691 -1,
      714 687 692 -1,
      714 709 687 -1,
      714 634 709 -1,
      715 710 688 -1,
      715 688 693 -1,
      716 711 492 -1,
      716 492 490 -1,
      716 490 488 -1,
      717 690 695 -1,
      717 712 690 -1,
      718 691 696 -1,
      718 713 691 -1,
      719 692 697 -1,
      719 714 692 -1,
      719 634 714 -1,
      720 693 698 -1,
      720 715 693 -1,
      721 716 488 -1,
      721 488 486 -1,
      722 717 695 -1,
      722 695 700 -1,
      723 718 696 -1,
      723 696 701 -1,
      724 697 702 -1,
      724 719 697 -1,
      724 634 719 -1,
      725 720 698 -1,
      725 698 703 -1,
      726 721 486 -1,
      726 486 484 -1,
      727 722 700 -1,
      727 700 705 -1,
      728 723 701 -1,
      728 701 706 -1,
      729 634 724 -1,
      729 724 702 -1,
      729 702 707 -1,
      730 725 703 -1,
      730 703 708 -1,
      731 726 484 -1,
      731 484 482 -1,
      731 482 480 -1,
      732 705 710 -1,
      732 727 705 -1,
      733 728 706 -1,
      733 706 711 -1,
      734 634 729 -1,
      734 729 707 -1,
      734 707 712 -1,
      735 730 708 -1,
      735 708 713 -1,
      736 731 480 -1,
      736 480 478 -1,
      737 732 710 -1,
      737 710 715 -1,
      738 733 711 -1,
      738 711 716 -1,
      739 634 734 -1,
      739 734 712 -1,
      739 712 717 -1,
      740 713 718 -1,
      740 735 713 -1,
      741 736 478 -1,
      741 478 476 -1,
      741 476 474 -1,
      742 737 715 -1,
      742 715 720 -1,
      743 716 721 -1,
      743 738 716 -1,
      744 634 739 -1,
      744 717 722 -1,
      744 739 717 -1,
      745 718 723 -1,
      745 740 718 -1,
      746 741 474 -1,
      746 474 472 -1,
      747 742 720 -1,
      747 720 725 -1,
      748 721 726 -1,
      748 743 721 -1,
      749 722 727 -1,
      749 634 744 -1,
      749 744 722 -1,
      750 723 728 -1,
      750 745 723 -1,
      751 746 472 -1,
      751 472 470 -1,
      752 725 730 -1,
      752 747 725 -1,
      753 748 726 -1,
      753 726 731 -1,
      754 727 732 -1,
      754 634 749 -1,
      754 749 727 -1,
      755 750 728 -1,
      755 728 733 -1,
      756 470 468 -1,
      756 468 466 -1,
      756 751 470 -1,
      757 730 735 -1,
      757 752 730 -1,
      758 753 731 -1,
      758 731 736 -1,
      759 634 754 -1,
      759 732 737 -1,
      759 754 732 -1,
      760 733 738 -1,
      760 755 733 -1,
      761 756 466 -1,
      761 466 464 -1,
      762 757 735 -1,
      762 735 740 -1,
      763 758 736 -1,
      763 736 741 -1,
      764 634 759 -1,
      764 759 737 -1,
      764 737 742 -1,
      765 760 738 -1,
      765 738 743 -1,
      766 761 464 -1,
      766 464 462 -1,
      766 462 460 -1,
      767 762 740 -1,
      767 740 745 -1,
      768 763 741 -1,
      768 741 746 -1,
      769 764 742 -1,
      769 634 764 -1,
      769 742 747 -1,
      770 765 743 -1,
      770 743 748 -1,
      771 766 460 -1,
      771 460 458 -1,
      772 745 750 -1,
      772 767 745 -1,
      773 768 746 -1,
      773 746 751 -1,
      774 634 769 -1,
      774 769 747 -1,
      774 747 752 -1,
      775 770 748 -1,
      775 748 753 -1,
      776 771 458 -1,
      776 458 456 -1,
      777 750 755 -1,
      777 772 750 -1,
      778 751 756 -1,
      778 773 751 -1,
      779 752 757 -1,
      779 774 752 -1,
      779 634 774 -1,
      780 753 758 -1,
      780 775 753 -1,
      781 776 456 -1,
      781 456 454 -1,
      781 454 452 -1,
      782 755 760 -1,
      782 777 755 -1,
      783 756 761 -1,
      783 778 756 -1,
      784 757 762 -1,
      784 779 757 -1,
      784 634 779 -1,
      785 758 763 -1,
      785 780 758 -1,
      786 781 452 -1,
      786 452 450 -1,
      787 760 765 -1,
      787 782 760 -1,
      788 783 761 -1,
      788 761 766 -1,
      789 634 784 -1,
      789 784 762 -1,
      789 762 767 -1,
      790 763 768 -1,
      790 785 763 -1,
      791 786 450 -1,
      791 450 448 -1,
      791 448 446 -1,
      792 787 765 -1,
      792 765 770 -1,
      793 788 766 -1,
      793 766 771 -1,
      794 789 767 -1,
      794 767 772 -1,
      794 634 789 -1,
      795 790 768 -1,
      795 768 773 -1,
      796 446 444 -1,
      796 791 446 -1,
      797 792 770 -1,
      797 770 775 -1,
      798 793 771 -1,
      798 771 776 -1,
      799 634 794 -1,
      799 794 772 -1,
      799 772 777 -1,
      800 795 773 -1,
      800 773 778 -1,
      801 796 444 -1,
      801 444 441 -1,
      802 797 775 -1,
      802 775 780 -1,
      803 798 776 -1,
      803 776 781 -1,
      804 799 777 -1,
      804 634 799 -1,
      804 777 782 -1,
      805 778 783 -1,
      805 800 778 -1,
      806 801 441 -1,
      806 441 442 -1,
      806 442 443 -1,
      807 780 785 -1,
      807 802 780 -1,
      808 781 786 -1,
      808 803 781 -1,
      809 634 804 -1,
      809 804 782 -1,
      809 782 787 -1,
      810 805 783 -1,
      810 783 788 -1,
      811 806 443 -1,
      811 443 445 -1,
      812 785 790 -1,
      812 807 785 -1,
      813 786 791 -1,
      813 808 786 -1,
      814 634 809 -1,
      814 787 792 -1,
      814 809 787 -1,
      815 788 793 -1,
      815 810 788 -1,
      816 445 447 -1,
      816 447 449 -1,
      816 811 445 -1,
      817 790 795 -1,
      817 812 790 -1,
      818 791 796 -1,
      818 813 791 -1,
      819 792 797 -1,
      819 814 792 -1,
      819 634 814 -1,
      820 793 798 -1,
      820 815 793 -1,
      821 449 451 -1,
      821 816 449 -1,
      822 795 800 -1,
      822 817 795 -1,
      823 818 796 -1,
      823 796 801 -1,
      824 797 802 -1,
      824 819 797 -1,
      824 634 819 -1,
      825 798 803 -1,
      825 820 798 -1,
      826 451 453 -1,
      826 821 451 -1,
      827 800 805 -1,
      827 822 800 -1,
      828 801 806 -1,
      828 823 801 -1,
      829 634 824 -1,
      829 824 802 -1,
      829 802 807 -1,
      830 825 803 -1,
      830 803 808 -1,
      831 453 455 -1,
      831 826 453 -1,
      831 455 457 -1,
      832 827 805 -1,
      832 805 810 -1,
      833 828 806 -1,
      833 806 811 -1,
      834 829 807 -1,
      834 807 812 -1,
      834 634 829 -1,
      835 830 808 -1,
      835 808 813 -1,
      836 457 459 -1,
      836 831 457 -1,
      837 810 815 -1,
      837 832 810 -1,
      838 833 811 -1,
      838 811 816 -1,
      839 812 817 -1,
      839 634 834 -1,
      839 834 812 -1,
      840 813 818 -1,
      840 835 813 -1,
      841 459 461 -1,
      841 461 463 -1,
      841 836 459 -1,
      842 815 820 -1,
      842 837 815 -1,
      843 816 821 -1,
      843 838 816 -1,
      844 634 839 -1,
      844 817 822 -1,
      844 839 817 -1,
      845 840 818 -1,
      845 818 823 -1,
      846 463 465 -1,
      846 841 463 -1,
      847 820 825 -1,
      847 842 820 -1,
      848 821 826 -1,
      848 843 821 -1,
      849 634 634 -1,
      849 822 827 -1,
      849 844 822 -1,
      849 634 844 -1,
      850 823 828 -1,
      850 845 823 -1,
      851 465 467 -1,
      851 846 465 -1,
      852 825 830 -1,
      852 847 825 -1,
      853 848 826 -1,
      853 826 831 -1,
      854 827 832 -1,
      854 849 827 -1,
      854 634 849 -1,
      855 828 833 -1,
      855 850 828 -1,
      856 467 469 -1,
      856 469 471 -1,
      856 851 467 -1,
      857 830 835 -1,
      857 852 830 -1,
      858 831 836 -1,
      858 853 831 -1,
      859 854 832 -1,
      859 832 837 -1,
      859 634 854 -1,
      860 833 838 -1,
      860 855 833 -1,
      861 471 473 -1,
      861 856 471 -1,
      862 857 835 -1,
      862 835 840 -1,
      863 836 841 -1,
      863 858 836 -1,
      864 859 837 -1,
      864 634 859 -1,
      864 837 842 -1,
      865 860 838 -1,
      865 838 843 -1,
      866 861 473 -1,
      866 473 475 -1,
      866 475 477 -1,
      867 862 840 -1,
      867 840 845 -1,
      868 863 841 -1,
      868 841 846 -1,
      869 634 864 -1,
      869 864 842 -1,
      869 842 847 -1,
      870 865 843 -1,
      870 843 848 -1,
      871 477 479 -1,
      871 866 477 -1,
      872 845 850 -1,
      872 867 845 -1,
      873 868 846 -1,
      873 846 851 -1,
      874 847 852 -1,
      874 634 869 -1,
      874 869 847 -1,
      875 870 848 -1,
      875 848 853 -1,
      876 871 479 -1,
      876 479 481 -1,
      877 850 855 -1,
      877 872 850 -1,
      878 851 856 -1,
      878 873 851 -1,
      879 634 874 -1,
      879 874 852 -1,
      879 852 857 -1,
      880 853 858 -1,
      880 875 853 -1,
      881 876 481 -1,
      881 481 483 -1,
      881 483 485 -1,
      882 855 860 -1,
      882 877 855 -1,
      883 878 856 -1,
      883 856 861 -1,
      884 857 862 -1,
      884 634 879 -1,
      884 879 857 -1,
      885 880 858 -1,
      885 858 863 -1,
      886 485 487 -1,
      886 881 485 -1,
      887 860 865 -1,
      887 882 860 -1,
      888 861 866 -1,
      888 883 861 -1,
      889 634 884 -1,
      889 862 867 -1,
      889 884 862 -1,
      890 863 868 -1,
      890 885 863 -1,
      891 487 489 -1,
      891 489 491 -1,
      891 886 487 -1,
      892 887 865 -1,
      892 865 870 -1,
      893 888 866 -1,
      893 866 871 -1,
      894 889 867 -1,
      894 867 872 -1,
      894 634 889 -1,
      895 868 873 -1,
      895 890 868 -1,
      896 491 493 -1,
      896 891 491 -1,
      897 892 870 -1,
      897 870 875 -1,
      898 871 876 -1,
      898 893 871 -1,
      899 872 877 -1,
      899 894 872 -1,
      899 634 894 -1,
      900 895 873 -1,
      900 873 878 -1,
      901 493 495 -1,
      901 896 493 -1,
      902 897 875 -1,
      902 875 880 -1,
      903 898 876 -1,
      903 876 881 -1,
      904 899 877 -1,
      904 634 899 -1,
      904 877 882 -1,
      905 900 878 -1,
      905 878 883 -1,
      906 495 497 -1,
      906 497 499 -1,
      906 901 495 -1,
      907 880 885 -1,
      907 902 880 -1,
      908 881 886 -1,
      908 903 881 -1,
      909 634 904 -1,
      909 904 882 -1,
      909 882 887 -1,
      910 883 888 -1,
      910 905 883 -1,
      911 499 501 -1,
      911 906 499 -1,
      912 885 890 -1,
      912 907 885 -1,
      913 886 891 -1,
      913 908 886 -1,
      914 634 909 -1,
      914 909 887 -1,
      914 887 892 -1,
      915 910 888 -1,
      915 888 893 -1,
      916 911 501 -1,
      916 501 503 -1,
      916 503 505 -1,
      917 890 895 -1,
      917 912 890 -1,
      918 913 891 -1,
      918 891 896 -1,
      919 634 914 -1,
      919 892 897 -1,
      919 914 892 -1,
      920 915 893 -1,
      920 893 898 -1,
      921 505 507 -1,
      921 916 505 -1,
      922 917 895 -1,
      922 895 900 -1,
      923 918 896 -1,
      923 896 901 -1,
      924 897 902 -1,
      924 634 919 -1,
      924 919 897 -1,
      925 898 903 -1,
      925 920 898 -1,
      926 507 509 -1,
      926 921 507 -1,
      927 922 900 -1,
      927 900 905 -1,
      928 901 906 -1,
      928 923 901 -1,
      929 924 902 -1,
      929 634 924 -1,
      929 902 907 -1,
      930 903 908 -1,
      930 925 903 -1,
      931 509 511 -1,
      931 511 513 -1,
      931 926 509 -1,
      932 927 905 -1,
      932 905 910 -1,
      933 928 906 -1,
      933 906 911 -1,
      934 929 907 -1,
      934 907 912 -1,
      934 634 929 -1,
      935 930 908 -1,
      935 908 913 -1,
      936 513 515 -1,
      936 931 513 -1,
      937 910 915 -1,
      937 932 910 -1,
      938 933 911 -1,
      938 911 916 -1,
      939 934 912 -1,
      939 634 934 -1,
      939 912 917 -1,
      940 935 913 -1,
      940 913 918 -1,
      941 936 515 -1,
      941 515 517 -1,
      941 517 519 -1,
      942 915 920 -1,
      942 937 915 -1,
      943 916 921 -1,
      943 938 916 -1,
      944 917 922 -1,
      944 634 939 -1,
      944 939 917 -1,
      945 918 923 -1,
      945 940 918 -1,
      946 519 521 -1,
      946 941 519 -1,
      947 942 920 -1,
      947 920 925 -1,
      948 921 926 -1,
      948 943 921 -1,
      949 944 922 -1,
      949 634 944 -1,
      949 922 927 -1,
      950 923 928 -1,
      950 945 923 -1,
      951 521 523 -1,
      951 946 521 -1,
      952 947 925 -1,
      952 925 930 -1,
      953 926 931 -1,
      953 948 926 -1,
      954 927 932 -1,
      954 949 927 -1,
      954 634 949 -1,
      955 928 933 -1,
      955 950 928 -1,
      956 523 525 -1,
      956 525 527 -1,
      956 951 523 -1,
      957 930 935 -1,
      957 952 930 -1,
      958 931 936 -1,
      958 953 931 -1,
      959 954 932 -1,
      959 932 937 -1,
      959 634 954 -1,
      960 955 933 -1,
      960 933 938 -1,
      961 956 527 -1,
      961 527 529 -1,
      961 529 567 -1,
      962 957 935 -1,
      962 935 940 -1,
      963 936 941 -1,
      963 958 936 -1,
      964 959 937 -1,
      964 634 959 -1,
      964 937 942 -1,
      965 960 938 -1,
      965 938 943 -1,
      966 567 569 -1,
      966 961 567 -1,
      966 569 961 -1,
      967 962 940 -1,
      967 940 945 -1,
      968 963 941 -1,
      968 941 946 -1,
      969 634 964 -1,
      969 942 947 -1,
      969 964 942 -1,
      970 965 943 -1,
      970 943 948 -1,
      971 967 945 -1,
      971 945 950 -1,
      972 946 951 -1,
      972 968 946 -1,
      973 947 952 -1,
      973 969 947 -1,
      973 634 969 -1,
      974 948 953 -1,
      974 970 948 -1,
      975 971 950 -1,
      975 950 955 -1,
      976 951 956 -1,
      976 972 951 -1,
      977 973 952 -1,
      977 634 973 -1,
      977 952 957 -1,
      978 974 953 -1,
      978 953 958 -1,
      979 955 960 -1,
      979 975 955 -1,
      980 956 961 -1,
      980 976 956 -1,
      981 957 962 -1,
      981 634 977 -1,
      981 977 957 -1,
      982 978 958 -1,
      982 958 963 -1,
      983 979 960 -1,
      983 960 965 -1,
      984 961 569 -1,
      984 980 961 -1,
      985 962 967 -1,
      985 634 981 -1,
      985 981 962 -1,
      986 982 963 -1,
      986 963 968 -1,
      987 983 965 -1,
      987 965 970 -1,
      988 569 576 -1,
      988 576 577 -1,
      988 984 569 -1,
      988 577 984 -1,
      989 967 971 -1,
      989 985 967 -1,
      989 634 985 -1,
      990 968 972 -1,
      990 986 968 -1,
      991 987 970 -1,
      991 970 974 -1,
      992 989 971 -1,
      992 634 989 -1,
      992 971 975 -1,
      993 990 972 -1,
      993 972 976 -1,
      994 991 974 -1,
      994 974 978 -1,
      995 992 975 -1,
      995 975 979 -1,
      995 634 992 -1,
      996 993 976 -1,
      996 976 980 -1,
      997 994 978 -1,
      997 978 982 -1,
      998 995 979 -1,
      998 634 995 -1,
      998 979 983 -1,
      999 996 980 -1,
      999 984 577 -1,
      999 980 984 -1,
      1000 997 982 -1,
      1000 982 986 -1,
      1001 998 983 -1,
      1001 983 987 -1,
      1001 634 998 -1,
      1002 577 589 -1,
      1002 999 577 -1,
      1002 589 999 -1,
      1003 1000 986 -1,
      1003 986 990 -1,
      1004 1001 987 -1,
      1004 987 991 -1,
      1004 634 1001 -1,
      1005 1003 990 -1,
      1005 990 993 -1,
      1006 991 994 -1,
      1006 634 1004 -1,
      1006 1004 991 -1,
      1007 993 996 -1,
      1007 1005 993 -1,
      1008 634 1006 -1,
      1008 1006 994 -1,
      1008 994 997 -1,
      1009 996 999 -1,
      1009 1007 996 -1,
      1010 634 1008 -1,
      1010 997 1000 -1,
      1010 1008 997 -1,
      1011 999 589 -1,
      1011 1009 999 -1,
      1012 1000 1003 -1,
      1012 1010 1000 -1,
      1012 634 1010 -1,
      1013 589 604 -1,
      1013 604 605 -1,
      1013 1011 589 -1,
      1013 605 1011 -1,
      1014 634 1012 -1,
      1014 1003 1005 -1,
      1014 1012 1003 -1,
      1015 1005 1007 -1,
      1015 634 1014 -1,
      1015 1014 1005 -1,
      1016 1007 1009 -1,
      1016 634 1015 -1,
      1016 1015 1007 -1,
      1017 628 634 -1,
      1017 1011 605 -1,
      1017 1009 1011 -1,
      1017 634 1016 -1,
      1017 1016 1009 -1,
      1018 605 628 -1,
      1018 1017 605 -1,
      1018 628 1017 -1
    ]
  }
}